luc,researchid,researchyear,location,Vd_cm,dim,lat,lon,density,temp,press,RH,LAI,Uh,ustar,h,d,z0,z,Lo,stability,wstar
grass,Wesely,1977,US,1.09,0.08,38.84,90.06,1500,276.15,101325,90,2,2.366,0.195,0.875,0.656,0.03,5,100, near neutral,0
grass,Wesely,1977,US,0.74,0.08,38.84,90.06,1500,276.15,101325,90,2,1.675,0.138,0.875,0.656,0.03,5,100, near neutral,0
grass,Wesely,1977,US,0.98,0.08,38.84,90.06,1500,276.15,101325,90,2,1.432,0.118,0.875,0.656,0.03,5,100, near neutral,0
grass,Wesely,1977,US,1.18,0.08,38.84,90.06,1500,276.15,101325,90,2,1.723,0.142,0.875,0.656,0.03,5,100, near neutral,0
grass,Wesely,1977,US,0.83,0.08,38.84,90.06,1500,276.15,101325,90,2,1.65,0.136,0.875,0.656,0.03,5,100, near neutral,0
grass,Wesely,1977,US,0.53,0.08,38.84,90.06,1500,276.15,101325,90,2,1.844,0.152,0.875,0.656,0.03,5,100, near neutral,0
grass,Wesely,1977,US,0.19,0.08,38.84,90.06,1500,276.15,101325,90,2,1.311,0.108,0.875,0.656,0.03,5,100, near neutral,0
grass,Wesely,1977,US,0.14,0.08,38.84,90.06,1500,276.15,101325,90,2,0.667,0.055,0.875,0.656,0.03,5,100, near neutral,0
grass,Wesely,1977,US,0.12,0.08,38.84,90.06,1500,276.15,101325,90,2,0.667,0.055,0.875,0.656,0.03,5,100, near neutral,0
grass,Neumann,1985,US,0.01,0.1,40.11,88.27,1500,276.15,101325,90,4,3.59,0.318,0.4,0.3,0.036,4,-22,N/A,0
grass,Neumann,1985,US,0,0.13,40.11,88.27,1500,276.15,101325,90,4,3.59,0.318,0.4,0.3,0.036,4,-22,N/A,0
grass,Neumann,1985,US,0.02,0.16,40.11,88.27,1500,276.15,101325,90,4,3.59,0.318,0.4,0.3,0.036,4,-22,N/A,0
grass,Neumann,1985,US,0.03,0.2,40.11,88.27,1500,276.15,101325,90,4,3.59,0.318,0.4,0.3,0.036,4,-22,N/A,0
grass,Neumann,1985,US,0.04,0.25,40.11,88.27,1500,276.15,101325,90,4,3.59,0.318,0.4,0.3,0.036,4,-22,N/A,0
grass,Neumann,1985,US,0.03,0.31,40.11,88.27,1500,276.15,101325,90,4,3.59,0.318,0.4,0.3,0.036,4,-22,N/A,0
grass,Neumann,1985,US,0.04,0.39,40.11,88.27,1500,276.15,101325,90,4,3.59,0.318,0.4,0.3,0.036,4,-22,N/A,0
grass,Neumann,1985,US,0.17,0.49,40.11,88.27,1500,276.15,101325,90,4,3.59,0.318,0.4,0.3,0.036,4,-22,N/A,0
grass,Neumann,1985,US,0.16,0.62,40.11,88.27,1500,276.15,101325,90,4,3.59,0.318,0.4,0.3,0.036,4,-22,N/A,0
grass,Neumann,1985,US,0.02,0.83,40.11,88.27,1500,276.15,101325,90,4,3.59,0.318,0.4,0.3,0.036,4,-22,N/A,0
grass,Neumann,1985,US,0.05,1.16,40.11,88.27,1500,276.15,101325,90,4,3.59,0.318,0.4,0.3,0.036,4,-22,N/A,0
grass,Neumann,1985,US,0.28,1.63,40.11,88.27,1500,276.15,101325,90,4,3.59,0.318,0.4,0.3,0.036,4,-22,N/A,0
grass,Neumann,1985,US,0.37,2.28,40.11,88.27,1500,276.15,101325,90,4,3.59,0.318,0.4,0.3,0.036,4,-22,N/A,0
grass,Allen,1991,UK,0,0.48,51.88,359.06,1500,281.65,101325,90,4,2.9,0.13,0.07,0.04,0.01,2,10,stable,0
grass,Allen,1991,UK,0.27,0.48,51.88,359.06,1500,279.05,101325,90,4,2.7,0.14,0.07,0.04,0.01,2,10,stable,0
grass,Allen,1991,UK,0.17,0.48,51.88,359.06,1500,277.75,101325,90,4,2.6,0.17,0.07,0.04,0.01,2,10,stable,0
grass,Allen,1991,UK,0.57,0.48,51.88,359.06,1500,279.65,101325,90,4,2.7,0.19,0.07,0.04,0.01,2,10,stable,0
grass,Allen,1991,UK,-0.04,0.48,51.88,359.06,1500,288.15,101325,90,4,3.9,0.22,0.07,0.04,0.01,2,100,neutral,0
grass,Allen,1991,UK,0.21,0.48,51.88,359.06,1500,280.95,101325,90,4,1.7,0.11,0.07,0.04,0.01,2,100,neutral,0
grass,Allen,1991,UK,0.44,0.48,51.88,359.06,1500,283.55,101325,90,4,2.7,0.15,0.07,0.04,0.01,2,100,neutral,0
grass,Allen,1991,UK,0.11,0.48,51.88,359.06,1500,279.15,101325,90,4,2.8,0.17,0.07,0.04,0.01,2,100,neutral,0
grass,Allen,1991,UK,-0.01,0.48,51.88,359.06,1500,280.45,101325,90,4,3.9,0.22,0.07,0.04,0.01,2,100,neutral,0
grass,Allen,1991,UK,0.31,0.48,51.88,359.06,1500,284.15,101325,90,4,3.8,0.21,0.07,0.04,0.01,2,100,neutral,0
grass,Allen,1991,UK,0.18,0.48,51.88,359.06,1500,281.25,101325,90,4,4.2,0.2,0.07,0.04,0.01,2,100,neutral,0
grass,Allen,1991,UK,0.48,0.48,51.88,359.06,1500,280.75,101325,90,4,3.3,0.21,0.07,0.04,0.01,2,100,neutral,0
grass,Allen,1991,UK,0.27,0.48,51.88,359.06,1500,281.65,101325,90,4,3.1,0.2,0.07,0.04,0.01,2,100,neutral,0
grass,Allen,1991,UK,0.07,0.48,51.88,359.06,1500,283.55,101325,90,4,6.7,0.4,0.07,0.04,0.01,2,100,neutral,0
grass,Allen,1991,UK,0.25,0.48,51.88,359.06,1500,281.85,101325,90,4,5.2,0.28,0.07,0.04,0.01,2,100,neutral,0
grass,Allen,1991,UK,0.45,0.48,51.88,359.06,1500,281.35,101325,90,4,5.4,0.29,0.07,0.04,0.01,2,100,neutral,0
grass,Allen,1991,UK,0.08,0.48,51.88,359.06,1500,280.05,101325,90,4,6.3,0.34,0.07,0.04,0.01,2,100,neutral,0
grass,Allen,1991,UK,0.02,0.48,51.88,359.06,1500,280.75,101325,90,4,4.6,0.29,0.07,0.04,0.01,2,100,neutral,0
grass,Allen,1991,UK,0.05,0.48,51.88,359.06,1500,279.95,101325,90,4,3.2,0.2,0.07,0.04,0.01,2,100,neutral,0
grass,Allen,1991,UK,-0.02,0.48,51.88,359.06,1500,281.45,101325,90,4,6.1,0.4,0.07,0.04,0.01,2,100,neutral,0
grass,Allen,1991,UK,-0.29,0.48,51.88,359.06,1500,280.65,101325,90,4,5,0.3,0.07,0.04,0.01,2,100,neutral,0
grass,Allen,1991,UK,0.29,0.48,51.88,359.06,1500,285.85,101325,90,4,5,0.31,0.07,0.04,0.01,2,100,neutral,0
grass,Allen,1991,UK,-0.28,0.48,51.88,359.06,1500,286.15,101325,90,4,6.2,0.35,0.07,0.04,0.01,2,100,neutral,0
grass,Allen,1991,UK,-0.33,0.48,51.88,359.06,1500,284.35,101325,90,4,5.3,0.31,0.07,0.04,0.01,2,100,neutral,0
grass,Allen,1991,UK,0.02,0.48,51.88,359.06,1500,284.75,101325,90,4,4.8,0.28,0.07,0.04,0.01,2,100,neutral,0
grass,Allen,1991,UK,-0.01,0.48,51.88,359.06,1500,284.95,101325,90,4,4.2,0.26,0.07,0.04,0.01,2,100,neutral,0
grass,Allen,1991,UK,0.08,0.48,51.88,359.06,1500,281.75,101325,90,4,4.6,0.25,0.07,0.04,0.01,2,100,neutral,0
grass,Allen,1991,UK,0.19,0.48,51.88,359.06,1500,280.15,101325,90,4,3.5,0.17,0.07,0.04,0.01,2,100,neutral,0
grass,Allen,1991,UK,0.08,0.48,51.88,359.06,1500,281.75,101325,90,4,4.6,0.25,0.07,0.04,0.01,2,100,neutral,0
grass,Allen,1991,UK,0.19,0.48,51.88,359.06,1500,280.15,101325,90,4,3.5,0.17,0.07,0.04,0.01,2,100,neutral,0
grass,Allen,1991,UK,0,0.48,51.88,359.06,1500,281.75,101325,90,4,4.3,0.27,0.07,0.04,0.01,2,100,neutral,0
grass,Allen,1991,UK,-0.15,0.48,51.88,359.06,1500,282.25,101325,90,4,3.4,0.22,0.07,0.04,0.01,2,100,neutral,0
grass,Allen,1991,UK,-0.09,0.48,51.88,359.06,1500,283.15,101325,90,4,3.5,0.23,0.07,0.04,0.01,2,100,neutral,0
grass,Allen,1991,UK,0.1,0.48,51.88,359.06,1500,279.45,101325,90,4,4.2,0.23,0.07,0.04,0.01,2,100,neutral,0
grass,Allen,1991,UK,0,0.48,51.88,359.06,1500,278.25,101325,90,4,3.3,0.18,0.07,0.04,0.01,2,100,neutral,0
grass,Allen,1991,UK,0.14,0.48,51.88,359.06,1500,290.25,101325,90,4,3.5,0.15,0.07,0.04,0.01,2,-10,unstable,0
grass,Allen,1991,UK,0.09,0.48,51.88,359.06,1500,289.95,101325,90,4,4.2,0.27,0.07,0.04,0.01,2,-10,unstable,0
grass,Allen,1991,UK,0.16,0.48,51.88,359.06,1500,291.95,101325,90,4,4,0.24,0.07,0.04,0.01,2,-10,unstable,0
grass,Allen,1991,UK,0,0.48,51.88,359.06,1500,290.65,101325,90,4,4.2,0.17,0.07,0.04,0.01,2,-10,unstable,0
grass,Allen,1991,UK,0.25,0.48,51.88,359.06,1500,291.65,101325,90,4,3.7,0.21,0.07,0.04,0.01,2,-10,unstable,0
grass,Allen,1991,UK,-0.04,0.48,51.88,359.06,1500,285.65,101325,90,4,3.5,0.19,0.07,0.04,0.01,2,-10,unstable,0
grass,Allen,1991,UK,0.14,0.48,51.88,359.06,1500,283.65,101325,90,4,4.9,0.29,0.07,0.04,0.01,2,-10,unstable,0
grass,Allen,1991,UK,-0.05,0.48,51.88,359.06,1500,283.85,101325,90,4,4.9,0.28,0.07,0.04,0.01,2,-10,unstable,0
grass,Allen,1991,UK,0.13,0.48,51.88,359.06,1500,282.95,101325,90,4,4.9,0.28,0.07,0.04,0.01,2,-10,unstable,0
grass,Allen,1991,UK,-0.08,0.48,51.88,359.06,1500,283.85,101325,90,4,4.1,0.27,0.07,0.04,0.01,2,-10,unstable,0
grass,Allen,1991,UK,0.08,0.48,51.88,359.06,1500,283.45,101325,90,4,3.2,0.2,0.07,0.04,0.01,2,-10,unstable,0
grass,Allen,1991,UK,0.26,0.48,51.88,359.06,1500,282.75,101325,90,4,4.6,0.28,0.07,0.04,0.01,2,-10,unstable,0
grass,Allen,1991,UK,0.1,0.48,51.88,359.06,1500,284.05,101325,90,4,3.1,0.2,0.07,0.04,0.01,2,-10,unstable,0
grass,Allen,1991,UK,0.1,0.48,51.88,359.06,1500,281.25,101325,90,4,3.4,0.13,0.07,0.04,0.01,2,-10,unstable,0
grass,Allen,1991,UK,0.11,0.48,51.88,359.06,1500,280.95,101325,90,4,2.9,0.15,0.07,0.04,0.01,2,-10,unstable,0
grass,Allen,1991,UK,-0.06,0.48,51.88,359.06,1500,280.25,101325,90,4,2.2,0.15,0.07,0.04,0.01,2,-10,unstable,0
grass,Allen,1991,UK,0.02,0.48,51.88,359.06,1500,279.15,101325,90,4,3.7,0.19,0.07,0.04,0.01,2,-10,unstable,0
grass,Nemitz,2002,UK,0,0.13,55.79,3.23,1500,298.15,101325,90,4,1.388,0.21,0.06,0.04,0.012,4,100,N/A,0
grass,Nemitz,2002,UK,0.01,0.13,55.79,3.23,1500,298.15,101325,90,4,4.165,0.21,0.06,0.04,0.012,4,100,N/A,0
grass,Nemitz,2002,UK,0.01,0.13,55.79,3.23,1500,298.15,101325,90,4,6.942,0.21,0.06,0.04,0.012,4,100,N/A,0
grass,Nemitz,2002,UK,0.03,0.13,55.79,3.23,1500,298.15,101325,90,4,9.719,0.21,0.06,0.04,0.012,4,100,N/A,0
grass,Nemitz,2002,UK,0.01,0.16,55.79,3.23,1500,298.15,101325,90,4,1.388,0.21,0.06,0.04,0.012,4,100,N/A,0
grass,Nemitz,2002,UK,0.01,0.16,55.79,3.23,1500,298.15,101325,90,4,4.165,0.21,0.06,0.04,0.012,4,100,N/A,0
grass,Nemitz,2002,UK,0.05,0.16,55.79,3.23,1500,298.15,101325,90,4,6.942,0.21,0.06,0.04,0.012,4,100,N/A,0
grass,Nemitz,2002,UK,0.07,0.16,55.79,3.23,1500,298.15,101325,90,4,9.719,0.21,0.06,0.04,0.012,4,100,N/A,0
grass,Nemitz,2002,UK,0.01,0.23,55.79,3.23,1500,298.15,101325,90,4,1.388,0.21,0.06,0.04,0.012,4,100,N/A,0
grass,Nemitz,2002,UK,0.05,0.23,55.79,3.23,1500,298.15,101325,90,4,4.165,0.21,0.06,0.04,0.012,4,100,N/A,0
grass,Nemitz,2002,UK,0.08,0.23,55.79,3.23,1500,298.15,101325,90,4,6.942,0.21,0.06,0.04,0.012,4,100,N/A,0
grass,Nemitz,2002,UK,0.12,0.23,55.79,3.23,1500,298.15,101325,90,4,9.719,0.21,0.06,0.04,0.012,4,100,N/A,0
grass,Nemitz,2002,UK,0.03,0.43,55.79,3.23,1500,298.15,101325,90,4,1.388,0.21,0.06,0.04,0.012,4,100,N/A,0
grass,Nemitz,2002,UK,0.06,0.43,55.79,3.23,1500,298.15,101325,90,4,4.165,0.21,0.06,0.04,0.012,4,100,N/A,0
grass,Nemitz,2002,UK,0.24,0.43,55.79,3.23,1500,298.15,101325,90,4,6.942,0.21,0.06,0.04,0.012,4,100,N/A,0
grass,Nemitz,2002,UK,0.27,0.43,55.79,3.23,1500,298.15,101325,90,4,9.719,0.21,0.06,0.04,0.012,4,100,N/A,0
grass,vong,2004,US,0.07,0.52,44.46,123.11,1500,298.15,101325,74.45,4,1.204,0.099,0.875,0.656,0.03,5,3,N/A,0
grass,vong,2004,US,0.15,0.52,44.46,123.11,1500,298.15,101325,78.63,4,0.844,0.07,0.875,0.656,0.03,5,1,N/A,0
grass,vong,2004,US,0.04,0.52,44.46,123.11,1500,298.15,101325,82.02,4,0.736,0.061,0.875,0.656,0.03,5,3,N/A,0
grass,vong,2004,US,0.02,0.52,44.46,123.11,1500,298.15,101325,84.01,4,1.06,0.087,0.875,0.656,0.03,5,1,N/A,0
grass,vong,2004,US,0.06,0.52,44.46,123.11,1500,298.15,101325,89.19,4,1.06,0.087,0.875,0.656,0.03,5,1,N/A,0
grass,vong,2004,US,0.24,0.52,44.46,123.11,1500,298.15,101325,87.58,4,1.384,0.114,0.875,0.656,0.03,5,40,N/A,0
grass,vong,2004,US,0.02,0.52,44.46,123.11,1500,298.15,101325,89.57,4,1.456,0.12,0.875,0.656,0.03,5,4,N/A,0
grass,vong,2004,US,0.53,0.52,44.46,123.11,1500,298.15,101325,89.16,4,1.888,0.156,0.875,0.656,0.03,5,-7,N/A,0
grass,vong,2004,US,0.67,0.52,44.46,123.11,1500,298.15,101325,81.17,4,2.248,0.185,0.875,0.656,0.03,5,-12,N/A,0
grass,vong,2004,US,0.65,0.52,44.46,123.11,1500,298.15,101325,75.57,4,2.428,0.2,0.875,0.656,0.03,5,-7,N/A,0
grass,vong,2004,US,0.43,0.52,44.46,123.11,1500,298.15,101325,70.57,4,2.14,0.176,0.875,0.656,0.03,5,-3,N/A,0
grass,vong,2004,US,0.37,0.52,44.46,123.11,1500,298.15,101325,64.97,4,1.996,0.164,0.875,0.656,0.03,5,-4,N/A,0
grass,vong,2004,US,0.36,0.52,44.46,123.11,1500,298.15,101325,61.37,4,2.212,0.182,0.875,0.656,0.03,5,-5,N/A,0
grass,vong,2004,US,0.37,0.52,44.46,123.11,1500,298.15,101325,58.57,4,2.536,0.209,0.875,0.656,0.03,5,-5,N/A,0
grass,vong,2004,US,0.4,0.52,44.46,123.11,1500,298.15,101325,54.37,4,2.536,0.209,0.875,0.656,0.03,5,-9,N/A,0
grass,vong,2004,US,0.53,0.52,44.46,123.11,1500,298.15,101325,48.97,4,2.716,0.224,0.875,0.656,0.03,5,-5,N/A,0
grass,vong,2004,US,0.45,0.52,44.46,123.11,1500,298.15,101325,49.16,4,3.328,0.274,0.875,0.656,0.03,5,-13,N/A,0
grass,vong,2004,US,0.49,0.52,44.46,123.11,1500,298.15,101325,47.56,4,4.156,0.342,0.875,0.656,0.03,5,-89,N/A,0
grass,vong,2004,US,0.54,0.52,44.46,123.11,1500,298.15,101325,55.33,4,3.652,0.301,0.875,0.656,0.03,5,6,N/A,0
grass,vong,2004,US,0.56,0.52,44.46,123.11,1500,298.15,101325,62.71,4,3.544,0.292,0.875,0.656,0.03,5,5,N/A,0
grass,vong,2004,US,0.34,0.52,44.46,123.11,1500,298.15,101325,67.29,4,2.68,0.221,0.875,0.656,0.03,5,8,N/A,0
grass,vong,2004,US,0.27,0.52,44.46,123.11,1500,298.15,101325,70.68,4,2.644,0.218,0.875,0.656,0.03,5,4,N/A,0
grass,vong,2004,US,0.23,0.52,44.46,123.11,1500,298.15,101325,73.66,4,1.96,0.162,0.875,0.656,0.03,5,4,N/A,0
grass,vong,2004,US,0.16,0.52,44.46,123.11,1500,298.15,101325,75.45,4,1.528,0.126,0.875,0.656,0.03,5,3,N/A,0
grass,Clough,1975,N/A,0.02,0.5,N/A,N/A,1000,300,101325,90,3,3.588,0.218,0.339,0.248,0.019,3,100,N/A,0
grass,Clough,1975,N/A,0.02,0.5,N/A,N/A,1000,300,101325,90,3,3.588,0.218,0.339,0.248,0.019,3,100,N/A,0
grass,Hummelshoj,1994,N/A,0.16,0.1,N/A,N/A,1000,300,101325,90,3,3.588,0.218,0.339,0.248,0.019,3,100,N/A,0
grass,Hummelshoj,1994,N/A,0.2,0.24,N/A,N/A,1000,300,101325,90,3,3.588,0.218,0.339,0.248,0.019,3,100,N/A,0
grass,Hummelshoj,1994,N/A,0.28,0.6,N/A,N/A,1000,300,101325,90,3,3.588,0.218,0.339,0.248,0.019,3,100,N/A,0
grass,Gallagher,1988,N/A,0.5,5,N/A,N/A,1000,300,101325,90,3,3.588,0.218,0.339,0.248,0.019,3,100,N/A,0
grass,Gallagher,1988,N/A,4,7,N/A,N/A,1000,300,101325,90,3,3.588,0.218,0.339,0.248,0.019,3,100,N/A,0
grass,Gallagher,1988,N/A,2.9,9,N/A,N/A,1000,300,101325,90,3,3.588,0.218,0.339,0.248,0.019,3,100,N/A,0
grass,Gallagher,1988,N/A,4.6,11,N/A,N/A,1000,300,101325,90,3,3.588,0.218,0.339,0.248,0.019,3,100,N/A,0
grass,Gallagher,1988,N/A,5.8,13,N/A,N/A,1000,300,101325,90,3,3.588,0.218,0.339,0.248,0.019,3,100,N/A,0
grass,Gallagher,1988,N/A,5.1,15,N/A,N/A,1000,300,101325,90,3,3.588,0.218,0.339,0.248,0.019,3,100,N/A,0
grass,Gallagher,1988,N/A,7.1,17,N/A,N/A,1000,300,101325,90,3,3.588,0.218,0.339,0.248,0.019,3,100,N/A,0
grass,Gallagher,1988,N/A,7.9,19,N/A,N/A,1000,300,101325,90,3,3.588,0.218,0.339,0.248,0.019,3,100,N/A,0
grass,Gallagher,1988,N/A,8.9,21,N/A,N/A,1000,300,101325,90,3,3.588,0.218,0.339,0.248,0.019,3,100,N/A,0
grass,Gallagher,1988,N/A,8.4,23,N/A,N/A,1000,300,101325,90,3,3.588,0.218,0.339,0.248,0.019,3,100,N/A,0
grass,Gallagher,1988,N/A,6.6,25,N/A,N/A,1000,300,101325,90,3,3.588,0.218,0.339,0.248,0.019,3,100,N/A,0
grass,Gallagher,1988,N/A,6.4,27,N/A,N/A,1000,300,101325,90,3,3.588,0.218,0.339,0.248,0.019,3,100,N/A,0
grass,Gallagher,1988,N/A,4.9,29,N/A,N/A,1000,300,101325,90,3,3.588,0.218,0.339,0.248,0.019,3,100,N/A,0
grass,Gallagher,1988,N/A,5.1,31,N/A,N/A,1000,300,101325,90,3,3.588,0.218,0.339,0.248,0.019,3,100,N/A,0
grass,Chamberlain,1967,N/A,7.6,32,N/A,N/A,1000,300,101325,90,3,3.588,0.218,0.339,0.248,0.019,3,100,N/A,0
grass,Chamberlain,1967,N/A,3.9,19,N/A,N/A,1000,300,101325,90,3,3.588,0.218,0.339,0.248,0.019,3,100,N/A,0
grass,Chamberlain,1967,N/A,1.2,5,N/A,N/A,1000,300,101325,90,3,3.588,0.218,0.339,0.248,0.019,3,100,N/A,0
grass,Chamberlain,1967,N/A,0.05,1,N/A,N/A,1000,300,101325,90,3,3.588,0.218,0.339,0.248,0.019,3,100,N/A,0
grass,Chamberlain,1967,N/A,0.08,0.08,N/A,N/A,1000,300,101325,90,3,3.588,0.218,0.339,0.248,0.019,3,100,N/A,0
grass,Chamberlain,1967,N/A,4.9,32,N/A,N/A,1000,300,101325,90,3,3.588,0.218,0.339,0.248,0.019,3,100,N/A,0
grass,Chamberlain,1967,N/A,3.2,19,N/A,N/A,1000,300,101325,90,3,3.588,0.218,0.339,0.248,0.019,3,100,N/A,0
grass,Chamberlain,1967,N/A,0.8,5,N/A,N/A,1000,300,101325,90,3,3.588,0.218,0.339,0.248,0.019,3,100,N/A,0
grass,Chamberlain,1967,N/A,0.09,2,N/A,N/A,1000,300,101325,90,3,3.588,0.218,0.339,0.248,0.019,3,100,N/A,0
grass,Chamberlain,1967,N/A,0.03,1,N/A,N/A,1000,300,101325,90,3,3.588,0.218,0.339,0.248,0.019,3,100,N/A,0
grass,Chamberlain,1967,N/A,0.03,0.08,N/A,N/A,1000,300,101325,90,3,3.588,0.218,0.339,0.248,0.019,3,100,N/A,0
grass,Chamberlain,1967,N/A,3.3,32,N/A,N/A,1000,300,101325,90,3,3.588,0.218,0.339,0.248,0.019,3,100,N/A,0
grass,Chamberlain,1967,N/A,2.7,19,N/A,N/A,1000,300,101325,90,3,3.588,0.218,0.339,0.248,0.019,3,100,N/A,0
grass,Chamberlain,1967,N/A,0.16,5,N/A,N/A,1000,300,101325,90,3,3.588,0.218,0.339,0.248,0.019,3,100,N/A,0
grass,Chamberlain,1967,N/A,0.02,1,N/A,N/A,1000,300,101325,90,3,3.588,0.218,0.339,0.248,0.019,3,100,N/A,0
grass,Chamberlain,1967,N/A,0.02,0.08,N/A,N/A,1000,300,101325,90,3,3.588,0.218,0.339,0.248,0.019,3,100,N/A,0
grass,Wesely,1985,N/A,0.22,1,N/A,N/A,1000,300,101325,90,3,3.588,0.218,0.339,0.248,0.019,3,100,N/A,0
grass,Sievering,1982,N/A,0.38,0.25,N/A,N/A,1000,300,101325,90,3,3.588,0.218,0.339,0.248,0.019,3,100,N/A,0
grass,Sievering,1988,N/A,0.37,0.47,N/A,N/A,1000,300,101325,90,3,3.588,0.218,0.339,0.248,0.019,3,100,N/A,0
coniferousforest,Lamaud,1994,France,0.38,0.04,44.84,0.58,1500,290.15,101325,90,6,0.871,0.269,15,11,1.2,25,-10,unstable,0
coniferousforest,Lamaud,1994,France,0.49,0.04,44.84,0.58,1500,290.15,101325,90,6,1.663,0.275,15,11,1.2,25,-10,unstable,0
coniferousforest,Lamaud,1994,France,0.49,0.04,44.84,0.58,1500,290.15,101325,90,6,1.537,0.213,15,11,1.2,25,-10,unstable,0
coniferousforest,Lamaud,1994,France,0.42,0.04,44.84,0.58,1500,290.15,101325,90,6,0.912,0.226,15,11,1.2,25,-10,unstable,0
coniferousforest,Lamaud,1994,France,0.68,0.04,44.84,0.58,1500,290.15,101325,90,6,4.348,0.485,15,11,1.2,25,-10,unstable,0
coniferousforest,Lamaud,1994,France,0.46,0.04,44.84,0.58,1500,290.15,101325,90,6,3.545,0.434,15,11,1.2,25,-10,unstable,0
coniferousforest,Lamaud,1994,France,0.62,0.04,44.84,0.58,1500,290.15,101325,90,6,1.483,0.523,15,11,1.2,25,-10,unstable,0
coniferousforest,Lamaud,1994,France,0.55,0.04,44.84,0.58,1500,290.15,101325,90,6,1.723,0.508,15,11,1.2,25,-10,unstable,0
coniferousforest,Lamaud,1994,France,0.63,0.04,44.84,0.58,1500,290.15,101325,90,6,2.826,0.633,15,11,1.2,25,-10,unstable,0
coniferousforest,Wyers,1997,Netherlands,0.09,0.6,52.27,354.29,1500,291.15,101325,90,10,0.228,0.058,20,15,1.2,21,100,near neutral,0
coniferousforest,Wyers,1997,Netherlands,0.49,0.6,52.27,354.29,1500,291.15,101325,90,10,0.601,0.153,20,15,1.2,21,100,near neutral,0
coniferousforest,Wyers,1997,Netherlands,1.39,0.6,52.27,354.29,1500,291.15,101325,90,10,0.962,0.245,20,15,1.2,21,100,near neutral,0
coniferousforest,Wyers,1997,Netherlands,3,0.6,52.27,354.29,1500,291.15,101325,90,10,1.366,0.348,20,15,1.2,21,100,near neutral,0
coniferousforest,Wyers,1997,Netherlands,2.61,0.6,52.27,354.29,1500,291.15,101325,90,10,1.763,0.449,20,15,1.2,21,100,near neutral,0
coniferousforest,Wyers,1997,Netherlands,3.06,0.6,52.27,354.29,1500,291.15,101325,90,10,2.395,0.61,20,15,1.2,21,100,near neutral,0
coniferousforest,Wyers,1997,Netherlands,5.84,0.6,52.27,354.29,1500,291.15,101325,90,10,3.227,0.822,20,15,1.2,21,100,near neutral,0
coniferousforest,Gallagher,1997,Netherlands,0.04,0.15,52.27,354.29,1500,298.15,101325,90,10,0.917,0.162,17,12.75,1.2,25,100,near neutral,0
coniferousforest,Gallagher,1997,Netherlands,0.02,0.15,52.27,354.29,1500,298.15,101325,90,10,1.357,0.239,17,12.75,1.2,25,100,near neutral,0
coniferousforest,Gallagher,1997,Netherlands,0.03,0.15,52.27,354.29,1500,298.15,101325,90,10,1.599,0.282,17,12.75,1.2,25,100,near neutral,0
coniferousforest,Gallagher,1997,Netherlands,0.04,0.15,52.27,354.29,1500,298.15,101325,90,10,1.827,0.322,17,12.75,1.2,25,100,near neutral,0
coniferousforest,Gallagher,1997,Netherlands,0.1,0.15,52.27,354.29,1500,298.15,101325,90,10,2.13,0.376,17,12.75,1.2,25,100,near neutral,0
coniferousforest,Gallagher,1997,Netherlands,0.16,0.15,52.27,354.29,1500,298.15,101325,90,10,2.395,0.423,17,12.75,1.2,25,100,near neutral,0
coniferousforest,Gallagher,1997,Netherlands,0.17,0.15,52.27,354.29,1500,298.15,101325,90,10,2.683,0.474,17,12.75,1.2,25,100,near neutral,0
coniferousforest,Gallagher,1997,Netherlands,0.42,0.15,52.27,354.29,1500,298.15,101325,90,10,2.964,0.523,17,12.75,1.2,25,100,near neutral,0
coniferousforest,Gallagher,1997,Netherlands,0.26,0.15,52.27,354.29,1500,298.15,101325,90,10,3.237,0.571,17,12.75,1.2,25,100,near neutral,0
coniferousforest,Gallagher,1997,Netherlands,0.18,0.15,52.27,354.29,1500,298.15,101325,90,10,3.616,0.638,17,12.75,1.2,25,100,near neutral,0
coniferousforest,Gallagher,1997,Netherlands,0.06,0.2,52.27,354.29,1500,298.15,101325,90,10,0.917,0.162,17,12.75,1.2,25,100,near neutral,0
coniferousforest,Gallagher,1997,Netherlands,0.05,0.2,52.27,354.29,1500,298.15,101325,90,10,1.357,0.239,17,12.75,1.2,25,100,near neutral,0
coniferousforest,Gallagher,1997,Netherlands,0.06,0.2,52.27,354.29,1500,298.15,101325,90,10,1.599,0.282,17,12.75,1.2,25,100,near neutral,0
coniferousforest,Gallagher,1997,Netherlands,0.03,0.2,52.27,354.29,1500,298.15,101325,90,10,1.827,0.322,17,12.75,1.2,25,100,near neutral,0
coniferousforest,Gallagher,1997,Netherlands,0.09,0.2,52.27,354.29,1500,298.15,101325,90,10,2.13,0.376,17,12.75,1.2,25,100,near neutral,0
coniferousforest,Gallagher,1997,Netherlands,0.11,0.2,52.27,354.29,1500,298.15,101325,90,10,2.395,0.423,17,12.75,1.2,25,100,near neutral,0
coniferousforest,Gallagher,1997,Netherlands,0.39,0.2,52.27,354.29,1500,298.15,101325,90,10,2.683,0.474,17,12.75,1.2,25,100,near neutral,0
coniferousforest,Gallagher,1997,Netherlands,0.51,0.2,52.27,354.29,1500,298.15,101325,90,10,2.964,0.523,17,12.75,1.2,25,100,near neutral,0
coniferousforest,Gallagher,1997,Netherlands,0.87,0.2,52.27,354.29,1500,298.15,101325,90,10,3.237,0.571,17,12.75,1.2,25,100,near neutral,0
coniferousforest,Gallagher,1997,Netherlands,0.87,0.2,52.27,354.29,1500,298.15,101325,90,10,3.616,0.638,17,12.75,1.2,25,100,near neutral,0
coniferousforest,Gallagher,1997,Netherlands,1.23,0.2,52.27,354.29,1500,298.15,101325,90,10,4.063,0.717,17,12.75,1.2,25,100,near neutral,0
coniferousforest,Gallagher,1997,Netherlands,0.16,0.25,52.27,354.29,1500,298.15,101325,90,10,0.917,0.162,17,12.75,1.2,25,100,near neutral,0
coniferousforest,Gallagher,1997,Netherlands,0.02,0.25,52.27,354.29,1500,298.15,101325,90,10,1.357,0.239,17,12.75,1.2,25,100,near neutral,0
coniferousforest,Gallagher,1997,Netherlands,0.08,0.25,52.27,354.29,1500,298.15,101325,90,10,1.599,0.282,17,12.75,1.2,25,100,near neutral,0
coniferousforest,Gallagher,1997,Netherlands,0.07,0.25,52.27,354.29,1500,298.15,101325,90,10,1.827,0.322,17,12.75,1.2,25,100,near neutral,0
coniferousforest,Gallagher,1997,Netherlands,0.29,0.25,52.27,354.29,1500,298.15,101325,90,10,2.13,0.376,17,12.75,1.2,25,100,near neutral,0
coniferousforest,Gallagher,1997,Netherlands,0.23,0.25,52.27,354.29,1500,298.15,101325,90,10,2.395,0.423,17,12.75,1.2,25,100,near neutral,0
coniferousforest,Gallagher,1997,Netherlands,0.53,0.25,52.27,354.29,1500,298.15,101325,90,10,2.683,0.474,17,12.75,1.2,25,100,near neutral,0
coniferousforest,Gallagher,1997,Netherlands,0.67,0.25,52.27,354.29,1500,298.15,101325,90,10,2.964,0.523,17,12.75,1.2,25,100,near neutral,0
coniferousforest,Gallagher,1997,Netherlands,1.79,0.25,52.27,354.29,1500,298.15,101325,90,10,3.237,0.571,17,12.75,1.2,25,100,near neutral,0
coniferousforest,Gallagher,1997,Netherlands,1.33,0.25,52.27,354.29,1500,298.15,101325,90,10,3.616,0.638,17,12.75,1.2,25,100,near neutral,0
coniferousforest,Gallagher,1997,Netherlands,1.94,0.25,52.27,354.29,1500,298.15,101325,90,10,4.063,0.717,17,12.75,1.2,25,100,near neutral,0
coniferousforest,Gallagher,1997,Netherlands,0.21,0.4,52.27,354.29,1500,298.15,101325,90,10,0.917,0.162,17,12.75,1.2,25,100,near neutral,0
coniferousforest,Gallagher,1997,Netherlands,0.03,0.4,52.27,354.29,1500,298.15,101325,90,10,1.357,0.239,17,12.75,1.2,25,100,near neutral,0
coniferousforest,Gallagher,1997,Netherlands,0.15,0.4,52.27,354.29,1500,298.15,101325,90,10,1.599,0.282,17,12.75,1.2,25,100,near neutral,0
coniferousforest,Gallagher,1997,Netherlands,0.2,0.4,52.27,354.29,1500,298.15,101325,90,10,1.827,0.322,17,12.75,1.2,25,100,near neutral,0
coniferousforest,Gallagher,1997,Netherlands,0.48,0.4,52.27,354.29,1500,298.15,101325,90,10,2.13,0.376,17,12.75,1.2,25,100,near neutral,0
coniferousforest,Gallagher,1997,Netherlands,1.01,0.4,52.27,354.29,1500,298.15,101325,90,10,2.395,0.423,17,12.75,1.2,25,100,near neutral,0
coniferousforest,Gallagher,1997,Netherlands,0.48,0.4,52.27,354.29,1500,298.15,101325,90,10,2.683,0.474,17,12.75,1.2,25,100,near neutral,0
coniferousforest,Gallagher,1997,Netherlands,0.79,0.4,52.27,354.29,1500,298.15,101325,90,10,2.964,0.523,17,12.75,1.2,25,100,near neutral,0
coniferousforest,Gallagher,1997,Netherlands,1.58,0.4,52.27,354.29,1500,298.15,101325,90,10,3.237,0.571,17,12.75,1.2,25,100,near neutral,0
coniferousforest,Gallagher,1997,Netherlands,1.14,0.4,52.27,354.29,1500,298.15,101325,90,10,3.616,0.638,17,12.75,1.2,25,100,near neutral,0
coniferousforest,Gallagher,1997,Netherlands,1.47,0.4,52.27,354.29,1500,298.15,101325,90,10,4.063,0.717,17,12.75,1.2,25,100,near neutral,0
coniferousforest,Ruijgrok,1997,Netherlands,0.74,0.6,52.27,354.29,1500,298.15,101325,90,22,1.011,0.157,21,15,1.5,36,100,near neutral,0
coniferousforest,Ruijgrok,1997,Netherlands,1.43,0.6,52.27,354.29,1500,298.15,101325,90,22,1.596,0.248,21,15,1.5,36,100,near neutral,0
coniferousforest,Ruijgrok,1997,Netherlands,2.15,0.6,52.27,354.29,1500,298.15,101325,90,22,2.297,0.357,21,15,1.5,36,100,near neutral,0
coniferousforest,Ruijgrok,1997,Netherlands,2.75,0.6,52.27,354.29,1500,298.15,101325,90,22,2.902,0.451,21,15,1.5,36,100,near neutral,0
coniferousforest,Ruijgrok,1997,Netherlands,2.49,0.6,52.27,354.29,1500,298.15,101325,90,22,4.051,0.629,21,15,1.5,36,100,near neutral,0
coniferousforest,Ruijgrok,1997,Netherlands,4.01,0.6,52.27,354.29,1500,298.15,101325,90,22,5.338,0.829,21,15,1.5,36,100,near neutral,0
coniferousforest,Ruijgrok,1997,Netherlands,0.65,0.35,52.27,354.29,1500,298.15,101325,90,22,1.183,0.184,21,15,1.5,36,100,near neutral,0
coniferousforest,Ruijgrok,1997,Netherlands,0.27,0.35,52.27,354.29,1500,298.15,101325,90,22,1.633,0.254,21,15,1.5,36,100,near neutral,0
coniferousforest,Ruijgrok,1997,Netherlands,1.26,0.35,52.27,354.29,1500,298.15,101325,90,22,2.267,0.352,21,15,1.5,36,100,near neutral,0
coniferousforest,Ruijgrok,1997,Netherlands,0.75,0.35,52.27,354.29,1500,298.15,101325,90,22,2.851,0.443,21,15,1.5,36,100,near neutral,0
coniferousforest,Ruijgrok,1997,Netherlands,0.94,0.35,52.27,354.29,1500,298.15,101325,90,22,4.039,0.628,21,15,1.5,36,100,near neutral,0
coniferousforest,Ruijgrok,1997,Netherlands,1.17,0.35,52.27,354.29,1500,298.15,101325,90,22,6.186,0.961,21,15,1.5,36,100,near neutral,0
coniferousforest,Rannik,2000,Finland,0.5,0.02,61.85,335.72,1500,298.15,101325,90,6,4.487,0.75,13,9.75,1.2,24,10,stable,0
coniferousforest,Rannik,2000,Finland,0.07,0.03,61.85,335.72,1500,298.15,101325,90,6,2.184,0.35,13,9.75,1.2,24,10,stable,0
coniferousforest,Rannik,2000,Finland,0.18,0.04,61.85,335.72,1500,298.15,101325,90,6,3.051,0.5,13,9.75,1.2,24,10,stable,0
coniferousforest,Rannik,2000,Finland,0.85,0.02,61.85,335.72,1500,298.15,101325,90,6,5.774,0.97,13,9.75,1.2,24,10,stable,0
coniferousforest,Rannik,2000,Finland,0.5,0.02,61.85,335.72,1500,298.15,101325,90,6,5.535,0.9,13,9.75,1.2,24,10,stable,0
coniferousforest,Rannik,2000,Finland,0.18,0.03,61.85,335.72,1500,298.15,101325,90,6,4.368,0.7,13,9.75,1.2,24,10,stable,0
coniferousforest,Rannik,2000,Finland,0.15,0.03,61.85,335.72,1500,298.15,101325,90,6,3.5,0.55,13,9.75,1.2,24,10,stable,0
coniferousforest,Rannik,2000,Finland,1.15,0.02,61.85,335.72,1500,298.15,101325,90,6,2.333,0.4,13,9.75,1.2,24,10,stable,0
coniferousforest,Rannik,2000,Finland,0.31,0.02,61.85,335.72,1500,298.15,101325,90,6,2.872,0.25,13,9.75,1.2,24,10,stable,0
coniferousforest,Rannik,2000,Finland,0.3,0.02,61.85,335.72,1500,298.15,101325,90,6,2.034,0.34,13,9.75,1.2,24,10,stable,0
coniferousforest,Rannik,2000,Finland,0.3,0.02,61.85,335.72,1500,298.15,101325,90,6,2.333,0.4,13,9.75,1.2,24,10,stable,0
coniferousforest,Rannik,2000,Finland,0.01,0.03,61.85,335.72,1500,298.15,101325,90,6,1.496,0.25,13,9.75,1.2,24,10,stable,0
coniferousforest,Rannik,2000,Finland,1.25,0.02,61.85,335.72,1500,298.15,101325,90,6,1.974,0.33,13,9.75,1.2,24,10,stable,0
coniferousforest,Rannik,2000,Finland,0.35,0.02,61.85,335.72,1500,298.15,101325,90,6,1.735,0.29,13,9.75,1.2,24,10,stable,0
coniferousforest,Rannik,2000,Finland,0.06,0.03,61.85,335.72,1500,298.15,101325,90,6,0.538,0.09,13,9.75,1.2,24,10,stable,0
coniferousforest,Rannik,2000,Finland,1,0.02,61.85,335.72,1500,298.15,101325,90,6,2.214,0.37,13,9.75,1.2,24,10,stable,0
coniferousforest,Rannik,2000,Finland,0.08,0.02,61.85,335.72,1500,298.15,101325,90,6,2.274,0.38,13,9.75,1.2,24,10,stable,0
coniferousforest,Buzorious,2000,Finland,3.9,0.02,61.85,335.72,1500,288.15,101325,90,8,5,0.76,13,7,1.2,15,100,near neutral,0
coniferousforest,Buzorious,2000,Finland,2.39,0.02,61.85,335.72,1500,288.15,101325,90,8,5,1.02,13,7,1.2,15,100,near neutral,0
coniferousforest,Buzorious,2000,Finland,1.55,0.02,61.85,335.72,1500,288.15,101325,90,8,5,0.72,13,7,1.2,15,100,near neutral,0
coniferousforest,Buzorious,2000,Finland,1.92,0.02,61.85,335.72,1500,288.15,101325,90,8,5,0.83,13,7,1.2,15,100,near neutral,0
coniferousforest,Buzorious,2000,Finland,1.08,0.02,61.85,335.72,1500,288.15,101325,90,8,5,0.85,13,7,1.2,15,100,near neutral,0
coniferousforest,Buzorious,2000,Finland,1.14,0.02,61.85,335.72,1500,288.15,101325,90,8,5,0.77,13,7,1.2,15,100,near neutral,0
coniferousforest,Buzorious,2000,Finland,1.31,0.02,61.85,335.72,1500,288.15,101325,90,8,5,0.87,13,7,1.2,15,100,near neutral,0
coniferousforest,Buzorious,2000,Finland,1.41,0.02,61.85,335.72,1500,288.15,101325,90,8,5,0.59,13,7,1.2,15,100,near neutral,0
coniferousforest,Buzorious,2000,Finland,1.25,0.02,61.85,335.72,1500,288.15,101325,90,8,5,0.63,13,7,1.2,15,100,near neutral,0
coniferousforest,Buzorious,2000,Finland,1.27,0.02,61.85,335.72,1500,288.15,101325,90,8,5,0.53,13,7,1.2,15,100,near neutral,0
coniferousforest,Gaman,2004,Finland,0.42,0.05,61.85,335.72,1500,288.15,101325,90,7,0.568,0.095,14,10.5,1,22,100,N/A,0
coniferousforest,Gaman,2004,Finland,0.31,0.05,61.85,335.72,1500,288.15,101325,90,7,1.762,0.296,14,10.5,1,22,100,N/A,0
coniferousforest,Gaman,2004,Finland,0.45,0.05,61.85,335.72,1500,288.15,101325,90,7,2.98,0.5,14,10.5,1,22,100,N/A,0
coniferousforest,Gaman,2004,Finland,0.53,0.05,61.85,335.72,1500,288.15,101325,90,7,4.15,0.697,14,10.5,1,22,100,N/A,0
coniferousforest,Gaman,2004,Finland,0.98,0.05,61.85,335.72,1500,288.15,101325,90,7,5.346,0.897,14,10.5,1,22,100,N/A,0
coniferousforest,Gaman,2004,Finland,1.35,0.05,61.85,335.72,1500,288.15,101325,90,7,6.541,1.098,14,10.5,1,22,100,N/A,0
coniferousforest,Gaman,2004,Finland,1.72,0.05,61.85,335.72,1500,288.15,101325,90,7,7.749,1.301,14,10.5,1,22,100,N/A,0
coniferousforest,Pryor,2007,Finland,0.46,0.02,61.85,335.72,1500,288.15,101325,90,6,0.293,0.048,14,9,1.2,23,100,near neutral,0
coniferousforest,Pryor,2007,Finland,0.29,0.02,61.85,335.72,1500,288.15,101325,90,6,1.501,0.248,14,9,1.2,23,100,near neutral,0
coniferousforest,Pryor,2007,Finland,0.41,0.02,61.85,335.72,1500,288.15,101325,90,6,2.729,0.452,14,9,1.2,23,100,near neutral,0
coniferousforest,Pryor,2007,Finland,0.6,0.02,61.85,335.72,1500,288.15,101325,90,6,3.946,0.653,14,9,1.2,23,100,near neutral,0
coniferousforest,Pryor,2007,Finland,0.78,0.02,61.85,335.72,1500,288.15,101325,90,6,5.118,0.847,14,9,1.2,23,100,near neutral,0
coniferousforest,Pryor,2007,Finland,0.15,0.04,61.85,335.72,1500,288.15,101325,90,6,0.591,0.098,14,9,1.2,23,100,near neutral,0
coniferousforest,Pryor,2007,Finland,0.27,0.04,61.85,335.72,1500,288.15,101325,90,6,1.797,0.297,14,9,1.2,23,100,near neutral,0
coniferousforest,Pryor,2007,Finland,0.37,0.04,61.85,335.72,1500,288.15,101325,90,6,2.992,0.495,14,9,1.2,23,100,near neutral,0
coniferousforest,Pryor,2007,Finland,0.45,0.04,61.85,335.72,1500,288.15,101325,90,6,4.221,0.698,14,9,1.2,23,100,near neutral,0
coniferousforest,Pryor,2007,Finland,0.57,0.04,61.85,335.72,1500,288.15,101325,90,6,5.427,0.898,14,9,1.2,23,100,near neutral,0
coniferousforest,Pryor,2007,Finland,0.6,0.04,61.85,335.72,1500,288.15,101325,90,6,6.633,1.098,14,9,1.2,23,100,near neutral,0
coniferousforest,Pryor,2007,Finland,0.18,0.06,61.85,335.72,1500,288.15,101325,90,6,0.909,0.15,14,9,1.2,23,100,near neutral,0
coniferousforest,Pryor,2007,Finland,0.23,0.06,61.85,335.72,1500,288.15,101325,90,6,2.105,0.348,14,9,1.2,23,100,near neutral,0
coniferousforest,Pryor,2007,Finland,0.31,0.06,61.85,335.72,1500,288.15,101325,90,6,3.334,0.552,14,9,1.2,23,100,near neutral,0
coniferousforest,Pryor,2007,Finland,0.45,0.06,61.85,335.72,1500,288.15,101325,90,6,4.539,0.751,14,9,1.2,23,100,near neutral,0
coniferousforest,Pryor,2007,Finland,0.42,0.06,61.85,335.72,1500,288.15,101325,90,6,5.746,0.951,14,9,1.2,23,100,near neutral,0
coniferousforest,Hofken,1982,N/A,1.8,0.26,N/A,N/A,1000,300,101325,90,5,2.87,0.49,15.96,11.45,1.22,24,100,N/A,0
coniferousforest,Hofken,1982,N/A,1.1,0.63,N/A,N/A,1000,300,101325,90,5,2.87,0.49,15.96,11.45,1.22,24,100,N/A,0
coniferousforest,Hofken,1982,N/A,1,0.7,N/A,N/A,1000,300,101325,90,5,2.87,0.49,15.96,11.45,1.22,24,100,N/A,0
coniferousforest,Hofken,1982,N/A,0.9,0.78,N/A,N/A,1000,300,101325,90,5,2.87,0.49,15.96,11.45,1.22,24,100,N/A,0
coniferousforest,Hofken,1982,N/A,0.7,1.1,N/A,N/A,1000,300,101325,90,5,2.87,0.49,15.96,11.45,1.22,24,100,N/A,0
coniferousforest,Hofken,1982,N/A,1,1.5,N/A,N/A,1000,300,101325,90,5,2.87,0.49,15.96,11.45,1.22,24,100,N/A,0
coniferousforest,Hofken,1982,N/A,1,2.2,N/A,N/A,1000,300,101325,90,5,2.87,0.49,15.96,11.45,1.22,24,100,N/A,0
coniferousforest,Hofken,1982,N/A,1.3,2.4,N/A,N/A,1000,300,101325,90,5,2.87,0.49,15.96,11.45,1.22,24,100,N/A,0
coniferousforest,Hicks,1982,N/A,0.71,0.07,N/A,N/A,1000,300,101325,90,5,2.87,0.49,15.96,11.45,1.22,24,100,N/A,0
coniferousforest,Hicks,1982,N/A,0.8,0.07,N/A,N/A,1000,300,101325,90,5,2.87,0.49,15.96,11.45,1.22,24,100,N/A,0
coniferousforest,Grosch,1988,N/A,1.85,0.4,N/A,N/A,1000,300,101325,90,5,2.87,0.49,15.96,11.45,1.22,24,100,N/A,0
coniferousforest,Grosch,1988,N/A,1.3,1.1,N/A,N/A,1000,300,101325,90,5,2.87,0.49,15.96,11.45,1.22,24,100,N/A,0
coniferousforest,Grosch,1988,N/A,1.7,4.4,N/A,N/A,1000,300,101325,90,5,2.87,0.49,15.96,11.45,1.22,24,100,N/A,0
coniferousforest,Lorenz,1989,N/A,0.34,0.75,N/A,N/A,1000,300,101325,90,5,2.87,0.49,15.96,11.45,1.22,24,100,N/A,0
coniferousforest,Lorenz,1989,N/A,0.78,1.5,N/A,N/A,1000,300,101325,90,5,2.87,0.49,15.96,11.45,1.22,24,100,N/A,0
coniferousforest,Lorenz,1989,N/A,0.92,3.5,N/A,N/A,1000,300,101325,90,5,2.87,0.49,15.96,11.45,1.22,24,100,N/A,0
coniferousforest,Waraghai,1989,N/A,1.5,0.75,N/A,N/A,1000,300,101325,90,5,2.87,0.49,15.96,11.45,1.22,24,100,N/A,0
coniferousforest,Waraghai,1989,N/A,1.1,1.5,N/A,N/A,1000,300,101325,90,5,2.87,0.49,15.96,11.45,1.22,24,100,N/A,0
coniferousforest,Waraghai,1989,N/A,0.86,3.5,N/A,N/A,1000,300,101325,90,5,2.87,0.49,15.96,11.45,1.22,24,100,N/A,0
coniferousforest,Waraghai,1989,N/A,1.1,6.5,N/A,N/A,1000,300,101325,90,5,2.87,0.49,15.96,11.45,1.22,24,100,N/A,0
coniferousforest,Waraghai,1989,N/A,0.93,9,N/A,N/A,1000,300,101325,90,5,2.87,0.49,15.96,11.45,1.22,24,100,N/A,0
coniferousforest,Waraghai,1989,N/A,1.64,10,N/A,N/A,1000,300,101325,90,5,2.87,0.49,15.96,11.45,1.22,24,100,N/A,0
coniferousforest,Beswick,1991a,N/A,1.15,3,N/A,N/A,1000,300,101325,90,5,2.87,0.49,15.96,11.45,1.22,24,100,N/A,0
coniferousforest,Beswick,1991a,N/A,2.51,5,N/A,N/A,1000,300,101325,90,5,2.87,0.49,15.96,11.45,1.22,24,100,N/A,0
coniferousforest,Beswick,1991a,N/A,1.93,7,N/A,N/A,1000,300,101325,90,5,2.87,0.49,15.96,11.45,1.22,24,100,N/A,0
coniferousforest,Beswick,1991a,N/A,1.73,9,N/A,N/A,1000,300,101325,90,5,2.87,0.49,15.96,11.45,1.22,24,100,N/A,0
coniferousforest,Beswick,1991a,N/A,1.83,11,N/A,N/A,1000,300,101325,90,5,2.87,0.49,15.96,11.45,1.22,24,100,N/A,0
coniferousforest,Beswick,1991a,N/A,1.83,13,N/A,N/A,1000,300,101325,90,5,2.87,0.49,15.96,11.45,1.22,24,100,N/A,0
coniferousforest,Beswick,1991a,N/A,1.36,15,N/A,N/A,1000,300,101325,90,5,2.87,0.49,15.96,11.45,1.22,24,100,N/A,0
coniferousforest,Beswick,1991a,N/A,3.13,17,N/A,N/A,1000,300,101325,90,5,2.87,0.49,15.96,11.45,1.22,24,100,N/A,0
coniferousforest,Beswick,1991a,N/A,3.65,19,N/A,N/A,1000,300,101325,90,5,2.87,0.49,15.96,11.45,1.22,24,100,N/A,0
coniferousforest,Beswick,1991a,N/A,3.81,21,N/A,N/A,1000,300,101325,90,5,2.87,0.49,15.96,11.45,1.22,24,100,N/A,0
coniferousforest,Beswick,1991a,N/A,3.23,23,N/A,N/A,1000,300,101325,90,5,2.87,0.49,15.96,11.45,1.22,24,100,N/A,0
coniferousforest,Beswick,1991a,N/A,5.99,25,N/A,N/A,1000,300,101325,90,5,2.87,0.49,15.96,11.45,1.22,24,100,N/A,0
coniferousforest,Beswick,1991a,N/A,9.4,27,N/A,N/A,1000,300,101325,90,5,2.87,0.49,15.96,11.45,1.22,24,100,N/A,0
coniferousforest,Beswick,1991b,N/A,2.32,7,N/A,N/A,1000,300,101325,90,5,2.87,0.49,15.96,11.45,1.22,24,100,N/A,0
coniferousforest,Beswick,1991b,N/A,3.01,9,N/A,N/A,1000,300,101325,90,5,2.87,0.49,15.96,11.45,1.22,24,100,N/A,0
coniferousforest,Beswick,1991b,N/A,2.8,11,N/A,N/A,1000,300,101325,90,5,2.87,0.49,15.96,11.45,1.22,24,100,N/A,0
coniferousforest,Beswick,1991b,N/A,5.77,13,N/A,N/A,1000,300,101325,90,5,2.87,0.49,15.96,11.45,1.22,24,100,N/A,0
coniferousforest,Beswick,1991b,N/A,5.22,15,N/A,N/A,1000,300,101325,90,5,2.87,0.49,15.96,11.45,1.22,24,100,N/A,0
coniferousforest,Beswick,1991b,N/A,5.91,17,N/A,N/A,1000,300,101325,90,5,2.87,0.49,15.96,11.45,1.22,24,100,N/A,0
coniferousforest,Beswick,1991b,N/A,11.98,19,N/A,N/A,1000,300,101325,90,5,2.87,0.49,15.96,11.45,1.22,24,100,N/A,0
coniferousforest,Beswick,1991b,N/A,9.22,21,N/A,N/A,1000,300,101325,90,5,2.87,0.49,15.96,11.45,1.22,24,100,N/A,0
coniferousforest,Beswick,1991b,N/A,8.53,23,N/A,N/A,1000,300,101325,90,5,2.87,0.49,15.96,11.45,1.22,24,100,N/A,0
coniferousforest,Beswick,1991b,N/A,5.77,25,N/A,N/A,1000,300,101325,90,5,2.87,0.49,15.96,11.45,1.22,24,100,N/A,0
coniferousforest,Buzorius,2000,N/A,1.7,0.15,N/A,N/A,1000,300,101325,90,5,2.87,0.49,15.96,11.45,1.22,24,100,N/A,0
coniferousforest,OuldDada,2002,N/A,0.5,0.82,N/A,N/A,1000,300,101325,90,5,2.87,0.49,15.96,11.45,1.22,24,100,N/A,0
coniferousforest,Gronholm,2007,N/A,1.77,0.01,N/A,N/A,1000,300,101325,90,5,2.87,0.49,15.96,11.45,1.22,24,100,N/A,0
coniferousforest,Gronholm,2007,N/A,1.49,0.02,N/A,N/A,1000,300,101325,90,5,2.87,0.49,15.96,11.45,1.22,24,100,N/A,0
coniferousforest,Gronholm,2007,N/A,1.18,0.02,N/A,N/A,1000,300,101325,90,5,2.87,0.49,15.96,11.45,1.22,24,100,N/A,0
coniferousforest,Gronholm,2007,N/A,1.23,0.03,N/A,N/A,1000,300,101325,90,5,2.87,0.49,15.96,11.45,1.22,24,100,N/A,0
coniferousforest,Gronholm,2007,N/A,0.9,0.03,N/A,N/A,1000,300,101325,90,5,2.87,0.49,15.96,11.45,1.22,24,100,N/A,0
coniferousforest,Gronholm,2007,N/A,0.94,0.04,N/A,N/A,1000,300,101325,90,5,2.87,0.49,15.96,11.45,1.22,24,100,N/A,0
coniferousforest,Gronholm,2007,N/A,0.74,0.05,N/A,N/A,1000,300,101325,90,5,2.87,0.49,15.96,11.45,1.22,24,100,N/A,0
coniferousforest,Gronholm,2007,N/A,0.62,0.06,N/A,N/A,1000,300,101325,90,5,2.87,0.49,15.96,11.45,1.22,24,100,N/A,0
coniferousforest,Gronholm,2007,N/A,0.66,0.07,N/A,N/A,1000,300,101325,90,5,2.87,0.49,15.96,11.45,1.22,24,100,N/A,0
coniferousforest,Gronholm,2007,N/A,0.99,0.08,N/A,N/A,1000,300,101325,90,5,2.87,0.49,15.96,11.45,1.22,24,100,N/A,0
coniferousforest,Gronholm,2007,N/A,0.78,0.1,N/A,N/A,1000,300,101325,90,5,2.87,0.49,15.96,11.45,1.22,24,100,N/A,0
coniferousforest,Gronholm,2007,N/A,0.69,0.1,N/A,N/A,1000,300,101325,90,5,2.87,0.49,15.96,11.45,1.22,24,100,N/A,0
coniferousforest,Gronholm,2007,N/A,0.25,0.15,N/A,N/A,1000,300,101325,90,5,2.87,0.49,15.96,11.45,1.22,24,100,N/A,0
coniferousforest,Gronholm,2009,N/A,0.47,0.01,N/A,N/A,1000,300,101325,90,5,2.87,0.49,15.96,11.45,1.22,24,100,N/A,0
coniferousforest,Gronholm,2009,N/A,0.16,0.02,N/A,N/A,1000,300,101325,90,5,2.87,0.49,15.96,11.45,1.22,24,100,N/A,0
coniferousforest,Gronholm,2009,N/A,0.06,0.03,N/A,N/A,1000,300,101325,90,5,2.87,0.49,15.96,11.45,1.22,24,100,N/A,0
coniferousforest,Gronholm,2009,N/A,0.05,0.04,N/A,N/A,1000,300,101325,90,5,2.87,0.49,15.96,11.45,1.22,24,100,N/A,0
coniferousforest,Gronholm,2009,N/A,0.1,0.05,N/A,N/A,1000,300,101325,90,5,2.87,0.49,15.96,11.45,1.22,24,100,N/A,0
coniferousforest,Gronholm,2009,N/A,0.09,0.06,N/A,N/A,1000,300,101325,90,5,2.87,0.49,15.96,11.45,1.22,24,100,N/A,0
coniferousforest,Vong,2010,N/A,0.18,0.26,N/A,N/A,1000,300,101325,90,5,2.87,0.49,15.96,11.45,1.22,24,100,N/A,0
coniferousforest,Vong,2010,N/A,0.29,0.3,N/A,N/A,1000,300,101325,90,5,2.87,0.49,15.96,11.45,1.22,24,100,N/A,0
coniferousforest,Vong,2010,N/A,0.46,0.33,N/A,N/A,1000,300,101325,90,5,2.87,0.49,15.96,11.45,1.22,24,100,N/A,0
coniferousforest,Vong,2010,N/A,0.63,0.4,N/A,N/A,1000,300,101325,90,5,2.87,0.49,15.96,11.45,1.22,24,100,N/A,0
coniferousforest,Vong,2010,N/A,0.61,0.49,N/A,N/A,1000,300,101325,90,5,2.87,0.49,15.96,11.45,1.22,24,100,N/A,0
coniferousforest,Vong,2010,N/A,0.38,0.78,N/A,N/A,1000,300,101325,90,5,2.87,0.49,15.96,11.45,1.22,24,100,N/A,0
coniferousforest,Mammarella,2011,N/A,0.4,0.02,N/A,N/A,1000,300,101325,90,5,2.87,0.49,15.96,11.45,1.22,24,100,N/A,0
coniferousforest,Mammarella,2011,N/A,0.34,0.02,N/A,N/A,1000,300,101325,90,5,2.87,0.49,15.96,11.45,1.22,24,100,N/A,0
coniferousforest,Mammarella,2011,N/A,0.29,0.03,N/A,N/A,1000,300,101325,90,5,2.87,0.49,15.96,11.45,1.22,24,100,N/A,0
coniferousforest,Mammarella,2011,N/A,0.26,0.03,N/A,N/A,1000,300,101325,90,5,2.87,0.49,15.96,11.45,1.22,24,100,N/A,0
coniferousforest,Mammarella,2011,N/A,0.21,0.04,N/A,N/A,1000,300,101325,90,5,2.87,0.49,15.96,11.45,1.22,24,100,N/A,0
coniferousforest,Mammarella,2011,N/A,0.17,0.05,N/A,N/A,1000,300,101325,90,5,2.87,0.49,15.96,11.45,1.22,24,100,N/A,0
coniferousforest,Mammarella,2011,N/A,0.14,0.05,N/A,N/A,1000,300,101325,90,5,2.87,0.49,15.96,11.45,1.22,24,100,N/A,0
coniferousforest,Mammarella,2011,N/A,0.12,0.07,N/A,N/A,1000,300,101325,90,5,2.87,0.49,15.96,11.45,1.22,24,100,N/A,0
coniferousforest,Mammarella,2011,N/A,0.08,0.08,N/A,N/A,1000,300,101325,90,5,2.87,0.49,15.96,11.45,1.22,24,100,N/A,0
coniferousforest,Mammarella,2011,N/A,0.07,0.09,N/A,N/A,1000,300,101325,90,5,2.87,0.49,15.96,11.45,1.22,24,100,N/A,0
coniferousforest,Mammarella,2011,N/A,0.08,0.11,N/A,N/A,1000,300,101325,90,5,2.87,0.49,15.96,11.45,1.22,24,100,N/A,0
coniferousforest,Mammarella,2011,N/A,0.08,0.13,N/A,N/A,1000,300,101325,90,5,2.87,0.49,15.96,11.45,1.22,24,100,N/A,0
coniferousforest,Mammarella,2011,N/A,0.08,0.17,N/A,N/A,1000,300,101325,90,5,2.87,0.49,15.96,11.45,1.22,24,100,N/A,0
coniferousforest,Mammarella,2011,N/A,0.11,0.19,N/A,N/A,1000,300,101325,90,5,2.87,0.49,15.96,11.45,1.22,24,100,N/A,0
coniferousforest,Mammarella,2011,N/A,0.17,0.21,N/A,N/A,1000,300,101325,90,5,2.87,0.49,15.96,11.45,1.22,24,100,N/A,0
coniferousforest,Mammarella,2011,N/A,0.2,0.24,N/A,N/A,1000,300,101325,90,5,2.87,0.49,15.96,11.45,1.22,24,100,N/A,0
coniferousforest,Gordon,2011,N/A,0.4,0.02,N/A,N/A,1000,300,101325,90,5,2.87,0.49,15.96,11.45,1.22,24,100,N/A,0
coniferousforest,Gordon,2011,N/A,0.58,0.02,N/A,N/A,1000,300,101325,90,5,2.87,0.49,15.96,11.45,1.22,24,100,N/A,0
coniferousforest,Gordon,2011,N/A,0.39,0.03,N/A,N/A,1000,300,101325,90,5,2.87,0.49,15.96,11.45,1.22,24,100,N/A,0
coniferousforest,Gordon,2011,N/A,0.26,0.04,N/A,N/A,1000,300,101325,90,5,2.87,0.49,15.96,11.45,1.22,24,100,N/A,0
coniferousforest,Gordon,2011,N/A,0.16,0.04,N/A,N/A,1000,300,101325,90,5,2.87,0.49,15.96,11.45,1.22,24,100,N/A,0
coniferousforest,Gordon,2011,N/A,0.12,0.05,N/A,N/A,1000,300,101325,90,5,2.87,0.49,15.96,11.45,1.22,24,100,N/A,0
coniferousforest,Gordon,2011,N/A,0.11,0.06,N/A,N/A,1000,300,101325,90,5,2.87,0.49,15.96,11.45,1.22,24,100,N/A,0
coniferousforest,Gordon,2011,N/A,0.11,0.08,N/A,N/A,1000,300,101325,90,5,2.87,0.49,15.96,11.45,1.22,24,100,N/A,0
coniferousforest,Gordon,2011,N/A,0.1,0.09,N/A,N/A,1000,300,101325,90,5,2.87,0.49,15.96,11.45,1.22,24,100,N/A,0
coniferousforest,Gordon,2011,N/A,0.1,0.11,N/A,N/A,1000,300,101325,90,5,2.87,0.49,15.96,11.45,1.22,24,100,N/A,0
coniferousforest,Gordon,2011,N/A,0.09,0.13,N/A,N/A,1000,300,101325,90,5,2.87,0.49,15.96,11.45,1.22,24,100,N/A,0
coniferousforest,Gordon,2011,N/A,0.09,0.16,N/A,N/A,1000,300,101325,90,5,2.87,0.49,15.96,11.45,1.22,24,100,N/A,0
coniferousforest,Gordon,2011,N/A,0.08,0.19,N/A,N/A,1000,300,101325,90,5,2.87,0.49,15.96,11.45,1.22,24,100,N/A,0
coniferousforest,Gordon,2011,N/A,0.58,0.28,N/A,N/A,1000,300,101325,90,5,2.87,0.49,15.96,11.45,1.22,24,100,N/A,0
coniferousforest,Gordon,2011,N/A,0.46,0.34,N/A,N/A,1000,300,101325,90,5,2.87,0.49,15.96,11.45,1.22,24,100,N/A,0
coniferousforest,Lavi,2013,N/A,0.38,0.27,N/A,N/A,1000,300,101325,90,5,2.87,0.49,15.96,11.45,1.22,24,100,N/A,0
coniferousforest,Sun,2014,N/A,1.1,0.55,N/A,N/A,1000,300,101325,90,5,2.87,0.49,15.96,11.45,1.22,24,100,N/A,0
deciduousforest,Wesely,1983,US,0.07,0.48,35.98,78.91,1500,282.35,101325,90,0.2,4,0.64,28,21,1.6,39,-14,unstable,0
deciduousforest,Wesely,1983,US,0.27,0.48,35.98,78.91,1500,288.55,101325,90,0.2,2.1,0.26,28,21,1.6,39,-14,unstable,0
deciduousforest,Wesely,1983,US,-0.68,0.48,35.98,78.91,1500,287.95,101325,90,0.2,2.5,0.28,28,21,1.6,39,-14,unstable,0
deciduousforest,Wesely,1983,US,0.09,0.48,35.98,78.91,1500,287.45,101325,90,0.2,2.1,0.24,28,21,1.6,39,-14,unstable,0
deciduousforest,Wesely,1983,US,-0.28,0.48,35.98,78.91,1500,287.15,101325,90,0.2,2.4,0.26,28,21,1.6,39,17,stable,0
deciduousforest,Wesely,1983,US,-0.3,0.48,35.98,78.91,1500,286.55,101325,90,0.2,2.3,0.2,28,21,1.6,39,17,stable,0
deciduousforest,Wesely,1983,US,-0.19,0.48,35.98,78.91,1500,284.85,101325,90,0.2,2.2,0.28,28,21,1.6,39,-14,stable/unstble,0
deciduousforest,Wesely,1983,US,-0.03,0.48,35.98,78.91,1500,286.35,101325,90,0.2,2.5,0.38,28,21,1.6,39,-14,stable/unstble,0
deciduousforest,Wesely,1983,US,0.3,0.48,35.98,78.91,1500,288.15,101325,90,0.2,2.6,0.38,28,21,1.6,39,-14,stable/unstble,0
deciduousforest,Wesely,1983,US,-0.83,0.48,35.98,78.91,1500,288.35,101325,90,0.2,1.8,0.25,28,21,1.6,39,-14,stable/unstble,0
deciduousforest,Wesely,1983,US,-0.25,0.48,35.98,78.91,1500,288.45,101325,90,0.2,1.8,0.34,28,21,1.6,39,-14,stable/unstble,0
deciduousforest,Wesely,1983,US,-0.13,0.48,35.98,78.91,1500,280.65,101325,90,0.2,3.6,0.56,28,21,1.6,39,-14,unstable,0
deciduousforest,Wesely,1983,US,-0.73,0.48,35.98,78.91,1500,281.05,101325,90,0.2,3.2,0.66,28,21,1.6,39,-14,unstable,0
deciduousforest,Wesely,1983,US,0.48,0.48,35.98,78.91,1500,281.55,101325,90,0.2,2.7,0.57,28,21,1.6,39,-14,unstable,0
deciduousforest,Wesely,1983,US,-0.08,0.48,35.98,78.91,1500,281.65,101325,90,0.2,2.9,0.48,28,21,1.6,39,-14,unstable,0
deciduousforest,Wesely,1983,US,-0.43,0.48,35.98,78.91,1500,282.35,101325,90,0.2,3.3,0.56,28,21,1.6,39,-14,unstable,0
deciduousforest,Wesely,1983,US,2.48,0.48,35.98,78.91,1500,282.85,101325,90,0.2,2.8,0.57,28,21,1.6,39,-14,unstable,0
deciduousforest,Wesely,1983,US,-1.28,0.48,35.98,78.91,1500,282.75,101325,90,0.2,2.5,0.36,28,21,1.6,39,-14,unstable,0
deciduousforest,Wesely,1983,US,-0.04,0.48,35.98,78.91,1500,282.85,101325,90,0.2,1.5,0.35,28,21,1.6,39,-14,unstable,0
deciduousforest,Pryor,2006,Denmark,0.19,0.05,55.48,348.36,1500,298.15,101325,90,7,0.859,0.129,25,18.75,1.6,43,100,near neutral,0
deciduousforest,Pryor,2006,Denmark,0.32,0.05,55.48,348.36,1500,298.15,101325,90,7,1.976,0.298,25,18.75,1.6,43,100,near neutral,0
deciduousforest,Pryor,2006,Denmark,0.45,0.05,55.48,348.36,1500,298.15,101325,90,7,3.4,0.513,25,18.75,1.6,43,100,near neutral,0
deciduousforest,Pryor,2006,Denmark,0.51,0.05,55.48,348.36,1500,298.15,101325,90,7,4.563,0.688,25,18.75,1.6,43,100,near neutral,0
deciduousforest,Pryor,2006,Denmark,0.39,0.05,55.48,348.36,1500,298.15,101325,90,7,5.838,0.88,25,18.75,1.6,43,100,near neutral,0
deciduousforest,Pryor,2006,Denmark,1.13,0.05,55.48,348.36,1500,298.15,101325,90,7,7.471,1.127,25,18.75,1.6,43,100,near neutral,0
deciduousforest,Matsuda ,2010,Japan,0.85,0.9,36.4,221.42,1500,289.45,101325,90,6,1.051,0.222,20,12,1.5,27,-65,N/A,2.7
deciduousforest,Matsuda ,2010,Japan,0.28,0.9,36.4,221.42,1500,289.45,101325,90,6,0.458,0.217,20,12,1.5,27,64,N/A,2.5
deciduousforest,Matsuda ,2010,Japan,0.28,0.9,36.4,221.42,1500,289.45,101325,90,6,1.424,0.357,20,12,1.5,27,40,N/A,2.3
deciduousforest,Matsuda ,2010,Japan,0.28,0.9,36.4,221.42,1500,289.45,101325,90,6,1,0.46,20,12,1.5,27,30,N/A,2
deciduousforest,Matsuda ,2010,Japan,0.28,0.9,36.4,221.42,1500,289.45,101325,90,6,0.017,0.425,20,12,1.5,27,32,N/A,1.4
deciduousforest,Matsuda ,2010,Japan,0.25,0.9,36.4,221.42,1500,289.45,101325,90,6,0.967,0.164,20,12,1.5,27,90,N/A,0
deciduousforest,Matsuda ,2010,Japan,0.25,0.9,36.4,221.42,1500,289.45,101325,90,6,0.441,0.241,20,12,1.5,27,58,N/A,0
deciduousforest,Matsuda ,2010,Japan,0.25,0.9,36.4,221.42,1500,289.45,101325,90,6,1.306,0.243,20,12,1.5,27,60,N/A,0
deciduousforest,Matsuda ,2010,Japan,0.25,0.9,36.4,221.42,1500,289.45,101325,90,6,0.238,0.179,20,12,1.5,27,77,N/A,0
deciduousforest,Matsuda ,2010,Japan,0.18,0.9,36.4,221.42,1500,289.45,101325,90,6,0.713,0.158,20,12,1.5,27,91,N/A,0
deciduousforest,Matsuda ,2010,Japan,0.18,0.9,36.4,221.42,1500,289.45,101325,90,6,0.984,0.141,20,12,1.5,27,107,N/A,0
deciduousforest,Matsuda ,2010,Japan,0.18,0.9,36.4,221.42,1500,289.45,101325,90,6,0.103,0.127,20,12,1.5,27,108,N/A,0
deciduousforest,Matsuda ,2010,Japan,0.18,0.9,36.4,221.42,1500,289.45,101325,90,6,1.239,0.107,20,12,1.5,27,-150,N/A,0
deciduousforest,Matsuda ,2010,Japan,0.44,0.9,36.4,221.42,1500,289.45,101325,90,6,1.443,0.2,20,12,1.5,27,-75,N/A,0
deciduousforest,Matsuda ,2010,Japan,0.44,0.9,36.4,221.42,1500,289.45,101325,90,6,0.324,0.42,20,12,1.5,27,-33,N/A,0
deciduousforest,Matsuda ,2010,Japan,0.44,0.9,36.4,221.42,1500,289.45,101325,90,6,1.087,0.431,20,12,1.5,27,-33,N/A,0
deciduousforest,Matsuda ,2010,Japan,0.44,0.9,36.4,221.42,1500,289.45,101325,90,6,0.24,0.419,20,12,1.5,27,-33,N/A,0
deciduousforest,Matsuda ,2010,Japan,0.95,0.9,36.4,221.42,1500,289.45,101325,90,6,1.528,0.437,20,12,1.5,27,-33,N/A,0
deciduousforest,Matsuda ,2010,Japan,0.95,0.9,36.4,221.42,1500,289.45,101325,90,6,0.206,0.389,20,12,1.5,27,-35,N/A,0.6
deciduousforest,Matsuda ,2010,Japan,0.95,0.9,36.4,221.42,1500,289.45,101325,90,6,1.291,0.378,20,12,1.5,27,-38,N/A,1.2
deciduousforest,Matsuda ,2010,Japan,0.95,0.9,36.4,221.42,1500,289.45,101325,90,6,0.189,0.303,20,12,1.5,27,-45,N/A,1.6
deciduousforest,Matsuda ,2010,Japan,0.85,0.9,36.4,221.42,1500,289.45,101325,90,6,1.274,0.302,20,12,1.5,27,-48,N/A,2.1
deciduousforest,Matsuda ,2010,Japan,0.85,0.9,36.4,221.42,1500,289.45,101325,90,6,0.715,0.267,20,12,1.5,27,-53,N/A,2.4
deciduousforest,Matsuda ,2010,Japan,0.85,0.9,36.4,221.42,1500,289.45,101325,90,6,0.24,0.238,20,12,1.5,27,-58,N/A,2.6
deciduousforest,Matsuda ,2010,Japan,0.85,0.9,36.4,221.42,1500,289.45,101325,90,6,3.19,0.252,20,12,1.5,27,-65,N/A,2.7
deciduousforest,Matsuda ,2010,Japan,0.28,0.9,36.4,221.42,1500,289.45,101325,90,6,1.139,0.227,20,12,1.5,27,64,N/A,2.5
deciduousforest,Matsuda ,2010,Japan,0.28,0.9,36.4,221.42,1500,289.45,101325,90,6,1.156,0.354,20,12,1.5,27,40,N/A,2.3
deciduousforest,Matsuda ,2010,Japan,0.28,0.9,36.4,221.42,1500,289.45,101325,90,6,0.614,0.455,20,12,1.5,27,30,N/A,2
deciduousforest,Matsuda ,2010,Japan,0.28,0.9,36.4,221.42,1500,289.45,101325,90,6,1.97,0.453,20,12,1.5,27,32,N/A,1.4
deciduousforest,Matsuda ,2010,Japan,0.25,0.9,36.4,221.42,1500,289.45,101325,90,6,0.784,0.161,20,12,1.5,27,90,N/A,0
deciduousforest,Matsuda ,2010,Japan,0.25,0.9,36.4,221.42,1500,289.45,101325,90,6,1.58,0.257,20,12,1.5,27,58,N/A,0
deciduousforest,Matsuda ,2010,Japan,0.25,0.9,36.4,221.42,1500,289.45,101325,90,6,3.004,0.267,20,12,1.5,27,60,N/A,0
deciduousforest,Matsuda ,2010,Japan,0.25,0.9,36.4,221.42,1500,289.45,101325,90,6,3.699,0.227,20,12,1.5,27,77,N/A,0
deciduousforest,Matsuda ,2010,Japan,0.18,0.9,36.4,221.42,1500,289.45,101325,90,6,1.818,0.174,20,12,1.5,27,91,N/A,0
deciduousforest,Matsuda ,2010,Japan,0.18,0.9,36.4,221.42,1500,289.45,101325,90,6,2.089,0.156,20,12,1.5,27,107,N/A,0
deciduousforest,Matsuda ,2010,Japan,0.18,0.9,36.4,221.42,1500,289.45,101325,90,6,1.276,0.143,20,12,1.5,27,108,N/A,0
deciduousforest,Matsuda ,2010,Japan,0.18,0.9,36.4,221.42,1500,289.45,101325,90,6,3.547,0.139,20,12,1.5,27,-150,N/A,0
deciduousforest,Matsuda ,2010,Japan,0.44,0.9,36.4,221.42,1500,289.45,101325,90,6,0.107,0.182,20,12,1.5,27,-75,N/A,0
deciduousforest,Matsuda ,2010,Japan,0.44,0.9,36.4,221.42,1500,289.45,101325,90,6,0.361,0.42,20,12,1.5,27,-33,N/A,0
deciduousforest,Matsuda ,2010,Japan,0.44,0.9,36.4,221.42,1500,289.45,101325,90,6,0.616,0.424,20,12,1.5,27,-33,N/A,0
deciduousforest,Matsuda ,2010,Japan,0.44,0.9,36.4,221.42,1500,289.45,101325,90,6,0.887,0.428,20,12,1.5,27,-33,N/A,0
deciduousforest,Matsuda ,2010,Japan,0.95,0.9,36.4,221.42,1500,289.45,101325,90,6,2.853,0.455,20,12,1.5,27,-33,N/A,0
deciduousforest,Matsuda ,2010,Japan,0.95,0.9,36.4,221.42,1500,289.45,101325,90,6,1.802,0.411,20,12,1.5,27,-35,N/A,0.6
deciduousforest,Matsuda ,2010,Japan,0.95,0.9,36.4,221.42,1500,289.45,101325,90,6,2.04,0.388,20,12,1.5,27,-38,N/A,1.2
deciduousforest,Matsuda ,2010,Japan,0.95,0.9,36.4,221.42,1500,289.45,101325,90,6,0.531,0.307,20,12,1.5,27,-45,N/A,1.6
deciduousforest,Matsuda ,2010,Japan,0.85,0.9,36.4,221.42,1500,289.45,101325,90,6,1.226,0.301,20,12,1.5,27,-48,N/A,2.1
deciduousforest,Matsuda ,2010,Japan,0.85,0.9,36.4,221.42,1500,289.45,101325,90,6,1.684,0.281,20,12,1.5,27,-53,N/A,2.4
deciduousforest,Matsuda ,2010,Japan,0.85,0.9,36.4,221.42,1500,289.45,101325,90,6,1.074,0.25,20,12,1.5,27,-58,N/A,2.6
deciduousforest,Matsuda ,2010,Japan,0.85,0.9,36.4,221.42,1500,289.45,101325,90,6,4.498,0.27,20,12,1.5,27,-65,N/A,2.7
deciduousforest,Matsuda ,2010,Japan,0.28,0.9,36.4,221.42,1500,289.45,101325,90,6,0.464,0.217,20,12,1.5,27,64,N/A,2.5
deciduousforest,Matsuda ,2010,Japan,0.28,0.9,36.4,221.42,1500,289.45,101325,90,6,1.023,0.352,20,12,1.5,27,40,N/A,2.3
deciduousforest,Matsuda ,2010,Japan,0.28,0.9,36.4,221.42,1500,289.45,101325,90,6,1.278,0.464,20,12,1.5,27,30,N/A,2
deciduousforest,Matsuda ,2010,Japan,0.28,0.9,36.4,221.42,1500,289.45,101325,90,6,1.43,0.445,20,12,1.5,27,32,N/A,1.4
deciduousforest,Matsuda ,2010,Japan,0.25,0.9,36.4,221.42,1500,289.45,101325,90,6,0.278,0.154,20,12,1.5,27,90,N/A,0
deciduousforest,Matsuda ,2010,Japan,0.25,0.9,36.4,221.42,1500,289.45,101325,90,6,3.16,0.279,20,12,1.5,27,58,N/A,0
deciduousforest,Matsuda ,2010,Japan,0.25,0.9,36.4,221.42,1500,289.45,101325,90,6,1.6,0.247,20,12,1.5,27,60,N/A,0
deciduousforest,Matsuda ,2010,Japan,0.25,0.9,36.4,221.42,1500,289.45,101325,90,6,3.465,0.224,20,12,1.5,27,77,N/A,0
deciduousforest,Matsuda ,2010,Japan,0.18,0.9,36.4,221.42,1500,289.45,101325,90,6,2.211,0.179,20,12,1.5,27,91,N/A,0
deciduousforest,Matsuda ,2010,Japan,0.18,0.9,36.4,221.42,1500,289.45,101325,90,6,3.245,0.172,20,12,1.5,27,107,N/A,0
deciduousforest,Matsuda ,2010,Japan,0.18,0.9,36.4,221.42,1500,289.45,101325,90,6,1.77,0.15,20,12,1.5,27,108,N/A,0
deciduousforest,Matsuda ,2010,Japan,0.18,0.9,36.4,221.42,1500,289.45,101325,90,6,1.906,0.117,20,12,1.5,27,-150,N/A,0
deciduousforest,Matsuda ,2010,Japan,0.44,0.9,36.4,221.42,1500,289.45,101325,90,6,1.296,0.198,20,12,1.5,27,-75,N/A,0
deciduousforest,Matsuda ,2010,Japan,0.44,0.9,36.4,221.42,1500,289.45,101325,90,6,0.839,0.427,20,12,1.5,27,-33,N/A,0
deciduousforest,Matsuda ,2010,Japan,0.44,0.9,36.4,221.42,1500,289.45,101325,90,6,1.923,0.442,20,12,1.5,27,-33,N/A,0
deciduousforest,Matsuda ,2010,Japan,0.44,0.9,36.4,221.42,1500,289.45,101325,90,6,2.144,0.445,20,12,1.5,27,-33,N/A,0
deciduousforest,Matsuda ,2010,Japan,0.95,0.9,36.4,221.42,1500,289.45,101325,90,6,0.856,0.427,20,12,1.5,27,-33,N/A,0
deciduousforest,Matsuda ,2010,Japan,0.95,0.9,36.4,221.42,1500,289.45,101325,90,6,1.704,0.409,20,12,1.5,27,-35,N/A,0.6
deciduousforest,Matsuda ,2010,Japan,0.95,0.9,36.4,221.42,1500,289.45,101325,90,6,0.975,0.374,20,12,1.5,27,-38,N/A,1.2
deciduousforest,Matsuda ,2010,Japan,0.95,0.9,36.4,221.42,1500,289.45,101325,90,6,2.365,0.333,20,12,1.5,27,-45,N/A,1.6
deciduousforest,Matsuda ,2010,Japan,0.85,0.9,36.4,221.42,1500,289.45,101325,90,6,2.568,0.32,20,12,1.5,27,-48,N/A,2.1
deciduousforest,Matsuda ,2010,Japan,0.85,0.9,36.4,221.42,1500,289.45,101325,90,6,1.501,0.278,20,12,1.5,27,-53,N/A,2.4
deciduousforest,Matsuda ,2010,Japan,0.85,0.9,36.4,221.42,1500,289.45,101325,90,6,0.874,0.247,20,12,1.5,27,-58,N/A,2.6
deciduousforest,Matsuda ,2010,Japan,0.85,0.9,36.4,221.42,1500,289.45,101325,90,6,1.941,0.235,20,12,1.5,27,-65,N/A,2.7
deciduousforest,Matsuda ,2010,Japan,0.28,0.9,36.4,221.42,1500,289.45,101325,90,6,0.687,0.221,20,12,1.5,27,64,N/A,2.5
deciduousforest,Matsuda ,2010,Japan,0.28,0.9,36.4,221.42,1500,289.45,101325,90,6,1.399,0.357,20,12,1.5,27,40,N/A,2.3
deciduousforest,Matsuda ,2010,Japan,0.28,0.9,36.4,221.42,1500,289.45,101325,90,6,1.654,0.469,20,12,1.5,27,30,N/A,2
deciduousforest,Matsuda ,2010,Japan,0.28,0.9,36.4,221.42,1500,289.45,101325,90,6,1.383,0.444,20,12,1.5,27,32,N/A,1.4
deciduousforest,Matsuda ,2010,Japan,0.25,0.9,36.4,221.42,1500,289.45,101325,90,6,2.823,0.189,20,12,1.5,27,90,N/A,0
deciduousforest,Matsuda ,2010,Japan,0.25,0.9,36.4,221.42,1500,289.45,101325,90,6,2.298,0.267,20,12,1.5,27,58,N/A,0
deciduousforest,Matsuda ,2010,Japan,0.25,0.9,36.4,221.42,1500,289.45,101325,90,6,3.824,0.278,20,12,1.5,27,60,N/A,0
deciduousforest,Matsuda ,2010,Japan,0.25,0.9,36.4,221.42,1500,289.45,101325,90,6,2.061,0.204,20,12,1.5,27,77,N/A,0
deciduousforest,Matsuda ,2010,Japan,0.18,0.9,36.4,221.42,1500,289.45,101325,90,6,0.959,0.162,20,12,1.5,27,91,N/A,0
deciduousforest,Matsuda ,2010,Japan,0.18,0.9,36.4,221.42,1500,289.45,101325,90,6,0.553,0.135,20,12,1.5,27,107,N/A,0
deciduousforest,Matsuda ,2010,Japan,0.18,0.9,36.4,221.42,1500,289.45,101325,90,6,1.468,0.146,20,12,1.5,27,108,N/A,0
deciduousforest,Matsuda ,2010,Japan,0.18,0.9,36.4,221.42,1500,289.45,101325,90,6,0.062,0.091,20,12,1.5,27,-150,N/A,0
deciduousforest,Matsuda ,2010,Japan,0.44,0.9,36.4,221.42,1500,289.45,101325,90,6,0.333,0.185,20,12,1.5,27,-75,N/A,0
deciduousforest,Matsuda ,2010,Japan,0.44,0.9,36.4,221.42,1500,289.45,101325,90,6,0.91,0.428,20,12,1.5,27,-33,N/A,0
deciduousforest,Matsuda ,2010,Japan,0.44,0.9,36.4,221.42,1500,289.45,101325,90,6,0.452,0.422,20,12,1.5,27,-33,N/A,0
deciduousforest,Matsuda ,2010,Japan,0.44,0.9,36.4,221.42,1500,289.45,101325,90,6,1.52,0.437,20,12,1.5,27,-33,N/A,0
deciduousforest,Matsuda ,2010,Japan,0.95,0.9,36.4,221.42,1500,289.45,101325,90,6,0.334,0.42,20,12,1.5,27,-33,N/A,0
deciduousforest,Matsuda ,2010,Japan,0.95,0.9,36.4,221.42,1500,289.45,101325,90,6,0.842,0.397,20,12,1.5,27,-35,N/A,0.6
deciduousforest,Matsuda ,2010,Japan,0.95,0.9,36.4,221.42,1500,289.45,101325,90,6,0.554,0.368,20,12,1.5,27,-38,N/A,1.2
deciduousforest,Matsuda ,2010,Japan,0.95,0.9,36.4,221.42,1500,289.45,101325,90,6,0.164,0.302,20,12,1.5,27,-45,N/A,1.6
deciduousforest,Matsuda ,2010,Japan,0.85,0.9,36.4,221.42,1500,289.45,101325,90,6,0.707,0.294,20,12,1.5,27,-48,N/A,2.1
deciduousforest,Matsuda ,2010,Japan,0.85,0.9,36.4,221.42,1500,289.45,101325,90,6,0.283,0.261,20,12,1.5,27,-53,N/A,2.4
deciduousforest,Matsuda ,2010,Japan,0.85,0.9,36.4,221.42,1500,289.45,101325,90,6,1.148,0.251,20,12,1.5,27,-58,N/A,2.6
deciduousforest,Matsuda ,2010,Japan,0.85,0.9,36.4,221.42,1500,289.45,101325,90,6,2.487,0.242,20,12,1.5,27,-65,N/A,2.7
deciduousforest,Matsuda ,2010,Japan,0.28,0.9,36.4,221.42,1500,289.45,101325,90,6,1.657,0.234,20,12,1.5,27,64,N/A,2.5
deciduousforest,Matsuda ,2010,Japan,0.28,0.9,36.4,221.42,1500,289.45,101325,90,6,2.674,0.375,20,12,1.5,27,40,N/A,2.3
deciduousforest,Matsuda ,2010,Japan,0.28,0.9,36.4,221.42,1500,289.45,101325,90,6,2.166,0.476,20,12,1.5,27,30,N/A,2
deciduousforest,Matsuda ,2010,Japan,0.28,0.9,36.4,221.42,1500,289.45,101325,90,6,3.454,0.473,20,12,1.5,27,32,N/A,1.4
deciduousforest,Matsuda ,2010,Japan,0.25,0.9,36.4,221.42,1500,289.45,101325,90,6,1.657,0.173,20,12,1.5,27,90,N/A,0
deciduousforest,Matsuda ,2010,Japan,0.25,0.9,36.4,221.42,1500,289.45,101325,90,6,4.251,0.294,20,12,1.5,27,58,N/A,0
deciduousforest,Matsuda ,2010,Japan,0.25,0.9,36.4,221.42,1500,289.45,101325,90,6,3.048,0.267,20,12,1.5,27,60,N/A,0
deciduousforest,Matsuda ,2010,Japan,0.25,0.9,36.4,221.42,1500,289.45,101325,90,6,4.183,0.234,20,12,1.5,27,77,N/A,0
deciduousforest,Matsuda ,2010,Japan,0.18,0.9,36.4,221.42,1500,289.45,101325,90,6,1.505,0.169,20,12,1.5,27,91,N/A,0
deciduousforest,Matsuda ,2010,Japan,0.18,0.9,36.4,221.42,1500,289.45,101325,90,6,1.828,0.152,20,12,1.5,27,107,N/A,0
deciduousforest,Matsuda ,2010,Japan,0.18,0.9,36.4,221.42,1500,289.45,101325,90,6,0.099,0.127,20,12,1.5,27,108,N/A,0
deciduousforest,Matsuda ,2010,Japan,0.18,0.9,36.4,221.42,1500,289.45,101325,90,6,1.658,0.113,20,12,1.5,27,-150,N/A,0
deciduousforest,Matsuda ,2010,Japan,0.44,0.9,36.4,221.42,1500,289.45,101325,90,6,2.184,0.21,20,12,1.5,27,-75,N/A,0
deciduousforest,Matsuda ,2010,Japan,0.44,0.9,36.4,221.42,1500,289.45,101325,90,6,0.608,0.424,20,12,1.5,27,-33,N/A,0
deciduousforest,Matsuda ,2010,Japan,0.44,0.9,36.4,221.42,1500,289.45,101325,90,6,1.692,0.439,20,12,1.5,27,-33,N/A,0
deciduousforest,Matsuda ,2010,Japan,0.44,0.9,36.4,221.42,1500,289.45,101325,90,6,2.235,0.447,20,12,1.5,27,-33,N/A,0
deciduousforest,Matsuda ,2010,Japan,0.95,0.9,36.4,221.42,1500,289.45,101325,90,6,1.693,0.439,20,12,1.5,27,-33,N/A,0
deciduousforest,Matsuda ,2010,Japan,0.95,0.9,36.4,221.42,1500,289.45,101325,90,6,1.862,0.412,20,12,1.5,27,-35,N/A,0.6
deciduousforest,Matsuda ,2010,Japan,0.95,0.9,36.4,221.42,1500,289.45,101325,90,6,0.744,0.37,20,12,1.5,27,-38,N/A,1.2
deciduousforest,Matsuda ,2010,Japan,0.95,0.9,36.4,221.42,1500,289.45,101325,90,6,1.473,0.321,20,12,1.5,27,-45,N/A,1.6
deciduousforest,Matsuda ,2010,Japan,0.85,0.9,36.4,221.42,1500,289.45,101325,90,6,0.303,0.288,20,12,1.5,27,-48,N/A,2.1
deciduousforest,Matsuda ,2010,Japan,0.85,0.9,36.4,221.42,1500,289.45,101325,90,6,0.761,0.268,20,12,1.5,27,-53,N/A,2.4
deciduousforest,Matsuda ,2010,Japan,0.85,0.9,36.4,221.42,1500,289.45,101325,90,6,0.049,0.236,20,12,1.5,27,-58,N/A,2.6
deciduousforest,Matsuda ,2010,Japan,0.85,0.9,36.4,221.42,1500,289.45,101325,90,6,0.456,0.214,20,12,1.5,27,-65,N/A,2.7
deciduousforest,Matsuda ,2010,Japan,0.28,0.9,36.4,221.42,1500,289.45,101325,90,6,0.863,0.223,20,12,1.5,27,64,N/A,2.5
deciduousforest,Matsuda ,2010,Japan,0.28,0.9,36.4,221.42,1500,289.45,101325,90,6,0.355,0.342,20,12,1.5,27,40,N/A,2.3
deciduousforest,Matsuda ,2010,Japan,0.28,0.9,36.4,221.42,1500,289.45,101325,90,6,1.118,0.462,20,12,1.5,27,30,N/A,2
deciduousforest,Matsuda ,2010,Japan,0.28,0.9,36.4,221.42,1500,289.45,101325,90,6,2.152,0.455,20,12,1.5,27,32,N/A,1.4
deciduousforest,Matsuda ,2010,Japan,0.25,0.9,36.4,221.42,1500,289.45,101325,90,6,1.779,0.175,20,12,1.5,27,90,N/A,0
deciduousforest,Matsuda ,2010,Japan,0.25,0.9,36.4,221.42,1500,289.45,101325,90,6,2.152,0.265,20,12,1.5,27,58,N/A,0
deciduousforest,Matsuda ,2010,Japan,0.25,0.9,36.4,221.42,1500,289.45,101325,90,6,1.491,0.246,20,12,1.5,27,60,N/A,0
deciduousforest,Matsuda ,2010,Japan,0.25,0.9,36.4,221.42,1500,289.45,101325,90,6,2.016,0.203,20,12,1.5,27,77,N/A,0
deciduousforest,Matsuda ,2010,Japan,0.18,0.9,36.4,221.42,1500,289.45,101325,90,6,1.05,0.163,20,12,1.5,27,91,N/A,0
deciduousforest,Matsuda ,2010,Japan,0.18,0.9,36.4,221.42,1500,289.45,101325,90,6,1.779,0.152,20,12,1.5,27,107,N/A,0
deciduousforest,Matsuda ,2010,Japan,0.18,0.9,36.4,221.42,1500,289.45,101325,90,6,2.153,0.156,20,12,1.5,27,108,N/A,0
deciduousforest,Hofken,1982,N/A,1.8,0.26,N/A,N/A,1000,300,101325,90,6,1.68,0.316,21.159,13.347,1.516,29,100,N/A,0
deciduousforest,Hofken,1982,N/A,1.1,0.63,N/A,N/A,1000,300,101325,90,6,1.68,0.316,21.159,13.347,1.516,29,100,N/A,0
deciduousforest,Hofken,1982,N/A,1,0.7,N/A,N/A,1000,300,101325,90,6,1.68,0.316,21.159,13.347,1.516,29,100,N/A,0
deciduousforest,Hofken,1982,N/A,0.9,0.78,N/A,N/A,1000,300,101325,90,6,1.68,0.316,21.159,13.347,1.516,29,100,N/A,0
deciduousforest,Hofken,1982,N/A,0.7,1.1,N/A,N/A,1000,300,101325,90,6,1.68,0.316,21.159,13.347,1.516,29,100,N/A,0
deciduousforest,Hofken,1982,N/A,1,1.5,N/A,N/A,1000,300,101325,90,6,1.68,0.316,21.159,13.347,1.516,29,100,N/A,0
deciduousforest,Hofken,1982,N/A,1,2.2,N/A,N/A,1000,300,101325,90,6,1.68,0.316,21.159,13.347,1.516,29,100,N/A,0
deciduousforest,Hofken,1982,N/A,1.3,2.4,N/A,N/A,1000,300,101325,90,6,1.68,0.316,21.159,13.347,1.516,29,100,N/A,0
deciduousforest,Hicks,1989,N/A,0.25,0.6,N/A,N/A,1000,300,101325,90,6,1.68,0.316,21.159,13.347,1.516,29,100,N/A,0
deciduousforest,Hicks,1989,N/A,0.4,0.08,N/A,N/A,1000,300,101325,90,6,1.68,0.316,21.159,13.347,1.516,29,100,N/A,0
deciduousforest,Pryor,2009,N/A,0.36,0.01,N/A,N/A,1000,300,101325,90,6,1.68,0.316,21.159,13.347,1.516,29,100,N/A,0
deciduousforest,Pryor,2009,N/A,0.4,0.01,N/A,N/A,1000,300,101325,90,6,1.68,0.316,21.159,13.347,1.516,29,100,N/A,0
deciduousforest,Pryor,2009,N/A,0.32,0.01,N/A,N/A,1000,300,101325,90,6,1.68,0.316,21.159,13.347,1.516,29,100,N/A,0
deciduousforest,Pryor,2009,N/A,0.3,0.02,N/A,N/A,1000,300,101325,90,6,1.68,0.316,21.159,13.347,1.516,29,100,N/A,0
deciduousforest,Pryor,2009,N/A,0.2,0.02,N/A,N/A,1000,300,101325,90,6,1.68,0.316,21.159,13.347,1.516,29,100,N/A,0
deciduousforest,Pryor,2009,N/A,0.14,0.02,N/A,N/A,1000,300,101325,90,6,1.68,0.316,21.159,13.347,1.516,29,100,N/A,0
deciduousforest,Pryor,2009,N/A,0.18,0.03,N/A,N/A,1000,300,101325,90,6,1.68,0.316,21.159,13.347,1.516,29,100,N/A,0
deciduousforest,Pryor,2009,N/A,0.18,0.03,N/A,N/A,1000,300,101325,90,6,1.68,0.316,21.159,13.347,1.516,29,100,N/A,0
deciduousforest,Pryor,2009,N/A,0.16,0.03,N/A,N/A,1000,300,101325,90,6,1.68,0.316,21.159,13.347,1.516,29,100,N/A,0
deciduousforest,Pryor,2009,N/A,0.14,0.04,N/A,N/A,1000,300,101325,90,6,1.68,0.316,21.159,13.347,1.516,29,100,N/A,0
deciduousforest,Pryor,2009,N/A,0.12,0.05,N/A,N/A,1000,300,101325,90,6,1.68,0.316,21.159,13.347,1.516,29,100,N/A,0
deciduousforest,Pryor,2009,N/A,0.12,0.05,N/A,N/A,1000,300,101325,90,6,1.68,0.316,21.159,13.347,1.516,29,100,N/A,0
deciduousforest,Pryor,2009,N/A,0.11,0.06,N/A,N/A,1000,300,101325,90,6,1.68,0.316,21.159,13.347,1.516,29,100,N/A,0
deciduousforest,Pryor,2009,N/A,0.1,0.07,N/A,N/A,1000,300,101325,90,6,1.68,0.316,21.159,13.347,1.516,29,100,N/A,0
deciduousforest,Pryor,2009,N/A,0.09,0.08,N/A,N/A,1000,300,101325,90,6,1.68,0.316,21.159,13.347,1.516,29,100,N/A,0
deciduousforest,Pryor,2009,N/A,0.08,0.09,N/A,N/A,1000,300,101325,90,6,1.68,0.316,21.159,13.347,1.516,29,100,N/A,0
deciduousforest,Gordon,2011,N/A,0.4,0.02,N/A,N/A,1000,300,101325,90,6,1.68,0.316,21.159,13.347,1.516,29,100,N/A,0
deciduousforest,Gordon,2011,N/A,0.58,0.02,N/A,N/A,1000,300,101325,90,6,1.68,0.316,21.159,13.347,1.516,29,100,N/A,0
deciduousforest,Gordon,2011,N/A,0.39,0.03,N/A,N/A,1000,300,101325,90,6,1.68,0.316,21.159,13.347,1.516,29,100,N/A,0
deciduousforest,Gordon,2011,N/A,0.26,0.04,N/A,N/A,1000,300,101325,90,6,1.68,0.316,21.159,13.347,1.516,29,100,N/A,0
deciduousforest,Gordon,2011,N/A,0.16,0.04,N/A,N/A,1000,300,101325,90,6,1.68,0.316,21.159,13.347,1.516,29,100,N/A,0
deciduousforest,Gordon,2011,N/A,0.12,0.05,N/A,N/A,1000,300,101325,90,6,1.68,0.316,21.159,13.347,1.516,29,100,N/A,0
deciduousforest,Gordon,2011,N/A,0.11,0.06,N/A,N/A,1000,300,101325,90,6,1.68,0.316,21.159,13.347,1.516,29,100,N/A,0
deciduousforest,Gordon,2011,N/A,0.11,0.08,N/A,N/A,1000,300,101325,90,6,1.68,0.316,21.159,13.347,1.516,29,100,N/A,0
deciduousforest,Gordon,2011,N/A,0.1,0.09,N/A,N/A,1000,300,101325,90,6,1.68,0.316,21.159,13.347,1.516,29,100,N/A,0
deciduousforest,Gordon,2011,N/A,0.1,0.11,N/A,N/A,1000,300,101325,90,6,1.68,0.316,21.159,13.347,1.516,29,100,N/A,0
deciduousforest,Gordon,2011,N/A,0.09,0.13,N/A,N/A,1000,300,101325,90,6,1.68,0.316,21.159,13.347,1.516,29,100,N/A,0
deciduousforest,Gordon,2011,N/A,0.09,0.16,N/A,N/A,1000,300,101325,90,6,1.68,0.316,21.159,13.347,1.516,29,100,N/A,0
deciduousforest,Gordon,2011,N/A,0.08,0.19,N/A,N/A,1000,300,101325,90,6,1.68,0.316,21.159,13.347,1.516,29,100,N/A,0
deciduousforest,Gordon,2011,N/A,0.58,0.28,N/A,N/A,1000,300,101325,90,6,1.68,0.316,21.159,13.347,1.516,29,100,N/A,0
deciduousforest,Gordon,2011,N/A,0.46,0.34,N/A,N/A,1000,300,101325,90,6,1.68,0.316,21.159,13.347,1.516,29,100,N/A,0
deciduousforest,Sun,2014,N/A,0.9,0.55,N/A,N/A,1000,300,101325,90,6,1.68,0.316,21.159,13.347,1.516,29,100,N/A,0
deciduousforest,Matsuda,2015,N/A,0.5,0.55,N/A,N/A,1000,300,101325,90,6,1.68,0.316,21.159,13.347,1.516,29,100,N/A,0
deciduousforest,Ahlm,2010,N/A,0.35,0.04,N/A,N/A,1000,300,101325,90,6,1.68,0.316,21.159,13.347,1.516,29,100,N/A,0
water,Zufall,1998,US,0.03,0.4,44,87,1500,295.15,101325,79,1,4.6,0.145,0.875,0.656,0.03,5,100,near neutral,0
water,Zufall,1998,US,0.01,0.8,44,87,1500,295.15,101325,79,1,4.6,0.145,0.875,0.656,0.03,5,100,near neutral,0
water,Zufall,1998,US,0.01,1.5,44,87,1500,295.15,101325,79,1,4.6,0.145,0.875,0.656,0.03,5,100,near neutral,0
water,Zufall,1998,US,0.05,3,44,87,1500,295.15,101325,79,1,4.6,0.145,0.875,0.656,0.03,5,100,near neutral,0
water,Zufall,1998,US,0.45,6,44,87,1500,295.15,101325,79,1,4.6,0.145,0.875,0.656,0.03,5,100,near neutral,0
water,Zufall,1998,US,2.46,12,44,87,1500,295.15,101325,79,1,4.6,0.145,0.875,0.656,0.03,5,100,near neutral,0
water,Zufall,1998,US,5.67,24,44,87,1500,295.15,101325,79,1,4.6,0.145,0.875,0.656,0.03,5,100,near neutral,0
water,Caffrey,1998,US,0.01,0.05,44,87,1500,295.15,101325,79,1,4.3,0.135,0.875,0.656,0.03,5,100,near neutral,0
water,Caffrey,1998,US,0.01,0.1,44,87,1500,295.15,101325,79,1,4.3,0.135,0.875,0.656,0.03,5,100,near neutral,0
water,Caffrey,1998,US,0.01,0.16,44,87,1500,295.15,101325,79,1,4.3,0.135,0.875,0.656,0.03,5,100,near neutral,0
water,Caffrey,1998,US,0,0.3,44,87,1500,295.15,101325,79,1,4.3,0.135,0.875,0.656,0.03,5,100,near neutral,0
water,Caffrey,1998,US,0.01,0.55,44,87,1500,295.15,101325,79,1,4.3,0.135,0.875,0.656,0.03,5,100,near neutral,0
water,Caffrey,1998,US,0.02,1,44,87,1500,295.15,101325,79,1,4.3,0.135,0.875,0.656,0.03,5,100,near neutral,0
water,Caffrey,1998,US,0.02,1.8,44,87,1500,295.15,101325,79,1,4.3,0.135,0.875,0.656,0.03,5,100,near neutral,0
water,Moller,1970,N/A,0.05,0.04,N/A,N/A,1000,300,101325,90,1,4.45,0.14,0.875,0.656,0.03,5,100,N/A,0
water,Moller,1970,N/A,0.05,0.04,N/A,N/A,1000,300,101325,90,1,4.45,0.14,0.875,0.656,0.03,5,100,N/A,0
water,Moller,1970,N/A,0.03,0.05,N/A,N/A,1000,300,101325,90,1,4.45,0.14,0.875,0.656,0.03,5,100,N/A,0
water,Moller,1970,N/A,0.02,0.06,N/A,N/A,1000,300,101325,90,1,4.45,0.14,0.875,0.656,0.03,5,100,N/A,0
water,Moller,1970,N/A,0.02,0.1,N/A,N/A,1000,300,101325,90,1,4.45,0.14,0.875,0.656,0.03,5,100,N/A,0
water,Moller,1970,N/A,0.01,0.14,N/A,N/A,1000,300,101325,90,1,4.45,0.14,0.875,0.656,0.03,5,100,N/A,0
water,Moller,1970,N/A,0.02,0.15,N/A,N/A,1000,300,101325,90,1,4.45,0.14,0.875,0.656,0.03,5,100,N/A,0
water,Moller,1970,N/A,0.01,0.17,N/A,N/A,1000,300,101325,90,1,4.45,0.14,0.875,0.656,0.03,5,100,N/A,0
water,Moller,1970,N/A,0.02,0.3,N/A,N/A,1000,300,101325,90,1,4.45,0.14,0.875,0.656,0.03,5,100,N/A,0
water,Moller,1970,N/A,0.01,0.48,N/A,N/A,1000,300,101325,90,1,4.45,0.14,0.875,0.656,0.03,5,100,N/A,0
water,Moller,1970,N/A,0.02,0.6,N/A,N/A,1000,300,101325,90,1,4.45,0.14,0.875,0.656,0.03,5,100,N/A,0
water,Moller,1970,N/A,0.01,1.4,N/A,N/A,1000,300,101325,90,1,4.45,0.14,0.875,0.656,0.03,5,100,N/A,0
water,Moller,1970,N/A,0.02,1.6,N/A,N/A,1000,300,101325,90,1,4.45,0.14,0.875,0.656,0.03,5,100,N/A,0
water,Moller,1970,N/A,0.03,1.6,N/A,N/A,1000,300,101325,90,1,4.45,0.14,0.875,0.656,0.03,5,100,N/A,0
water,Zhang,2014,N/A,2,1,N/A,N/A,1000,300,101325,90,1,4.45,0.14,0.875,0.656,0.03,5,100,N/A,0
water,Zhang,2014,N/A,2.7,2.3,N/A,N/A,1000,300,101325,90,1,4.45,0.14,0.875,0.656,0.03,5,100,N/A,0
water,Zhang,2014,N/A,2.2,4,N/A,N/A,1000,300,101325,90,1,4.45,0.14,0.875,0.656,0.03,5,100,N/A,0
water,Zhang,2014,N/A,2.3,7.5,N/A,N/A,1000,300,101325,90,1,4.45,0.14,0.875,0.656,0.03,5,100,N/A,0
water,Zhang,2014,N/A,3.3,12.5,N/A,N/A,1000,300,101325,90,1,4.45,0.14,0.875,0.656,0.03,5,100,N/A,0
water,Zhang,2014,N/A,4.2,17.5,N/A,N/A,1000,300,101325,90,1,4.45,0.14,0.875,0.656,0.03,5,100,N/A,0
water,Zhang,2014,N/A,5.5,22.5,N/A,N/A,1000,300,101325,90,1,4.45,0.14,0.875,0.656,0.03,5,100,N/A,0
water,Zhang,2014,N/A,6.8,27.5,N/A,N/A,1000,300,101325,90,1,4.45,0.14,0.875,0.656,0.03,5,100,N/A,0
water,Zhang,2014,N/A,12.8,40,N/A,N/A,1000,300,101325,90,1,4.45,0.14,0.875,0.656,0.03,5,100,N/A,0
water,Zhang,2014,N/A,8,1,N/A,N/A,1000,300,101325,90,1,4.45,0.14,0.875,0.656,0.03,5,100,N/A,0
water,Zhang,2014,N/A,5.4,2.3,N/A,N/A,1000,300,101325,90,1,4.45,0.14,0.875,0.656,0.03,5,100,N/A,0
water,Zhang,2014,N/A,5.7,4,N/A,N/A,1000,300,101325,90,1,4.45,0.14,0.875,0.656,0.03,5,100,N/A,0
water,Zhang,2014,N/A,4.4,7.5,N/A,N/A,1000,300,101325,90,1,4.45,0.14,0.875,0.656,0.03,5,100,N/A,0
water,Zhang,2014,N/A,6.1,12.5,N/A,N/A,1000,300,101325,90,1,4.45,0.14,0.875,0.656,0.03,5,100,N/A,0
water,Zhang,2014,N/A,8,17.5,N/A,N/A,1000,300,101325,90,1,4.45,0.14,0.875,0.656,0.03,5,100,N/A,0
water,Zhang,2014,N/A,10.1,22.5,N/A,N/A,1000,300,101325,90,1,4.45,0.14,0.875,0.656,0.03,5,100,N/A,0
water,Zhang,2014,N/A,11.5,27.5,N/A,N/A,1000,300,101325,90,1,4.45,0.14,0.875,0.656,0.03,5,100,N/A,0
water,Zhang,2014,N/A,18,40,N/A,N/A,1000,300,101325,90,1,4.45,0.14,0.875,0.656,0.03,5,100,N/A,0
water,Zhang,2014,N/A,6.9,1,N/A,N/A,1000,300,101325,90,1,4.45,0.14,0.875,0.656,0.03,5,100,N/A,0
water,Zhang,2014,N/A,11.5,2.3,N/A,N/A,1000,300,101325,90,1,4.45,0.14,0.875,0.656,0.03,5,100,N/A,0
water,Zhang,2014,N/A,10.1,4,N/A,N/A,1000,300,101325,90,1,4.45,0.14,0.875,0.656,0.03,5,100,N/A,0
water,Zhang,2014,N/A,12.1,7.5,N/A,N/A,1000,300,101325,90,1,4.45,0.14,0.875,0.656,0.03,5,100,N/A,0
water,Zhang,2014,N/A,9.8,12.5,N/A,N/A,1000,300,101325,90,1,4.45,0.14,0.875,0.656,0.03,5,100,N/A,0
water,Zhang,2014,N/A,12.3,17.5,N/A,N/A,1000,300,101325,90,1,4.45,0.14,0.875,0.656,0.03,5,100,N/A,0
water,Zhang,2014,N/A,15.3,22.5,N/A,N/A,1000,300,101325,90,1,4.45,0.14,0.875,0.656,0.03,5,100,N/A,0
water,Zhang,2014,N/A,17.7,27.5,N/A,N/A,1000,300,101325,90,1,4.45,0.14,0.875,0.656,0.03,5,100,N/A,0
water,Zhang,2014,N/A,24.1,40,N/A,N/A,1000,300,101325,90,1,4.45,0.14,0.875,0.656,0.03,5,100,N/A,0
water,Sievering,1981,N/A,0.4,0.15,N/A,N/A,1000,300,101325,90,1,4.45,0.14,0.875,0.656,0.03,5,100,N/A,0
water,Sievering,1981,N/A,0.2,0.45,N/A,N/A,1000,300,101325,90,1,4.45,0.14,0.875,0.656,0.03,5,100,N/A,0
water,Sievering,1981,N/A,0.7,1,N/A,N/A,1000,300,101325,90,1,4.45,0.14,0.875,0.656,0.03,5,100,N/A,0